event_index,stream,tag,local_id,primary,source_volume,component,rate_hz,tes_total_keV,bgo_total_keV,source_file
5378,prompt,eplus,51708,eplus,,prompt:eplus,0.0006792218562725798,510.99886000000004,0.0,/home/ubuntu/TES_511_Balloon/runs/step02_instant_v3p5_centerfinger_fullstat_v2/Background_eplus_fullsphere20_rep01_part01.inc1.id1.sim.gz
7451,prompt,eplus,84231,eplus,,prompt:eplus,0.0006792218562725798,510.99891,0.0,/home/ubuntu/TES_511_Balloon/runs/step02_instant_v3p5_centerfinger_fullstat_v2/Background_eplus_fullsphere20_rep01_part01.inc1.id1.sim.gz
8732,prompt,eplus,104848,eplus,,prompt:eplus,0.0006792218562725798,510.9988838,0.0,/home/ubuntu/TES_511_Balloon/runs/step02_instant_v3p5_centerfinger_fullstat_v2/Background_eplus_fullsphere20_rep01_part01.inc1.id1.sim.gz
9289,prompt,eplus,113651,eplus,,prompt:eplus,0.0006792218562725798,510.99892500000004,0.0,/home/ubuntu/TES_511_Balloon/runs/step02_instant_v3p5_centerfinger_fullstat_v2/Background_eplus_fullsphere20_rep01_part01.inc1.id1.sim.gz
9588,prompt,eplus,118057,eplus,,prompt:eplus,0.0006792218562725798,510.998868,0.0,/home/ubuntu/TES_511_Balloon/runs/step02_instant_v3p5_centerfinger_fullstat_v2/Background_eplus_fullsphere20_rep01_part01.inc1.id1.sim.gz
9848,prompt,eplus,121643,eplus,,prompt:eplus,0.0006792218562725798,510.99890000000005,0.0,/home/ubuntu/TES_511_Balloon/runs/step02_instant_v3p5_centerfinger_fullstat_v2/Background_eplus_fullsphere20_rep01_part01.inc1.id1.sim.gz
11273,prompt,eplus,144428,eplus,,prompt:eplus,0.0006792218562725798,510.9989499999999,0.0,/home/ubuntu/TES_511_Balloon/runs/step02_instant_v3p5_centerfinger_fullstat_v2/Background_eplus_fullsphere20_rep01_part01.inc1.id1.sim.gz
12913,prompt,eplus,169432,eplus,,prompt:eplus,0.0006792218562725798,510.9989,0.0,/home/ubuntu/TES_511_Balloon/runs/step02_instant_v3p5_centerfinger_fullstat_v2/Background_eplus_fullsphere20_rep01_part01.inc1.id1.sim.gz
13676,prompt,eplus,181723,eplus,,prompt:eplus,0.0006792218562725798,510.99891,0.0,/home/ubuntu/TES_511_Balloon/runs/step02_instant_v3p5_centerfinger_fullstat_v2/Background_eplus_fullsphere20_rep01_part01.inc1.id1.sim.gz
13871,prompt,eplus,184929,eplus,,prompt:eplus,0.0006792218562725798,510.9989036,0.0,/home/ubuntu/TES_511_Balloon/runs/step02_instant_v3p5_centerfinger_fullstat_v2/Background_eplus_fullsphere20_rep01_part01.inc1.id1.sim.gz
15691,prompt,eplus,213599,eplus,,prompt:eplus,0.0006792218562725798,510.99890000000005,0.0,/home/ubuntu/TES_511_Balloon/runs/step02_instant_v3p5_centerfinger_fullstat_v2/Background_eplus_fullsphere20_rep01_part01.inc1.id1.sim.gz
15737,prompt,eplus,214319,eplus,,prompt:eplus,0.0006792218562725798,510.99893,0.0,/home/ubuntu/TES_511_Balloon/runs/step02_instant_v3p5_centerfinger_fullstat_v2/Background_eplus_fullsphere20_rep01_part01.inc1.id1.sim.gz
19921,prompt,eplus,36481,eplus,,prompt:eplus,0.0006792218562725798,510.99893000000003,0.0,/home/ubuntu/TES_511_Balloon/runs/step02_instant_v3p5_centerfinger_fullstat_v2/Background_eplus_fullsphere20_rep02_part01.inc1.id1.sim.gz
20043,prompt,eplus,38093,eplus,,prompt:eplus,0.0006792218562725798,510.99899,0.0,/home/ubuntu/TES_511_Balloon/runs/step02_instant_v3p5_centerfinger_fullstat_v2/Background_eplus_fullsphere20_rep02_part01.inc1.id1.sim.gz
20429,prompt,eplus,43996,eplus,,prompt:eplus,0.0006792218562725798,510.99893399999996,0.0,/home/ubuntu/TES_511_Balloon/runs/step02_instant_v3p5_centerfinger_fullstat_v2/Background_eplus_fullsphere20_rep02_part01.inc1.id1.sim.gz
20679,prompt,eplus,48330,eplus,,prompt:eplus,0.0006792218562725798,510.998843,0.0,/home/ubuntu/TES_511_Balloon/runs/step02_instant_v3p5_centerfinger_fullstat_v2/Background_eplus_fullsphere20_rep02_part01.inc1.id1.sim.gz
22188,prompt,eplus,71871,eplus,,prompt:eplus,0.0006792218562725798,510.99890000000005,0.0,/home/ubuntu/TES_511_Balloon/runs/step02_instant_v3p5_centerfinger_fullstat_v2/Background_eplus_fullsphere20_rep02_part01.inc1.id1.sim.gz
23206,prompt,eplus,87905,eplus,,prompt:eplus,0.0006792218562725798,510.99893900000006,0.0,/home/ubuntu/TES_511_Balloon/runs/step02_instant_v3p5_centerfinger_fullstat_v2/Background_eplus_fullsphere20_rep02_part01.inc1.id1.sim.gz
25468,prompt,eplus,123384,eplus,,prompt:eplus,0.0006792218562725798,510.9989,0.0,/home/ubuntu/TES_511_Balloon/runs/step02_instant_v3p5_centerfinger_fullstat_v2/Background_eplus_fullsphere20_rep02_part01.inc1.id1.sim.gz
25659,prompt,eplus,126736,eplus,,prompt:eplus,0.0006792218562725798,510.99889,0.0,/home/ubuntu/TES_511_Balloon/runs/step02_instant_v3p5_centerfinger_fullstat_v2/Background_eplus_fullsphere20_rep02_part01.inc1.id1.sim.gz
28438,prompt,eplus,170761,eplus,,prompt:eplus,0.0006792218562725798,510.99884000000003,0.0,/home/ubuntu/TES_511_Balloon/runs/step02_instant_v3p5_centerfinger_fullstat_v2/Background_eplus_fullsphere20_rep02_part01.inc1.id1.sim.gz
28464,prompt,eplus,171280,eplus,,prompt:eplus,0.0006792218562725798,510.9989,0.0,/home/ubuntu/TES_511_Balloon/runs/step02_instant_v3p5_centerfinger_fullstat_v2/Background_eplus_fullsphere20_rep02_part01.inc1.id1.sim.gz
29418,prompt,eplus,186726,eplus,,prompt:eplus,0.0006792218562725798,510.99892,0.0,/home/ubuntu/TES_511_Balloon/runs/step02_instant_v3p5_centerfinger_fullstat_v2/Background_eplus_fullsphere20_rep02_part01.inc1.id1.sim.gz
29437,prompt,eplus,187053,eplus,,prompt:eplus,0.0006792218562725798,510.998919,0.0,/home/ubuntu/TES_511_Balloon/runs/step02_instant_v3p5_centerfinger_fullstat_v2/Background_eplus_fullsphere20_rep02_part01.inc1.id1.sim.gz
32387,prompt,eplus,234513,eplus,,prompt:eplus,0.0006792218562725798,510.99889999999994,0.0,/home/ubuntu/TES_511_Balloon/runs/step02_instant_v3p5_centerfinger_fullstat_v2/Background_eplus_fullsphere20_rep02_part01.inc1.id1.sim.gz
32751,prompt,eplus,240403,eplus,,prompt:eplus,0.0006792218562725798,510.99890000000005,0.0,/home/ubuntu/TES_511_Balloon/runs/step02_instant_v3p5_centerfinger_fullstat_v2/Background_eplus_fullsphere20_rep02_part01.inc1.id1.sim.gz
33767,prompt,eplus,12294,eplus,,prompt:eplus,0.0006792218562725798,510.99890999999997,0.0,/home/ubuntu/TES_511_Balloon/runs/step02_instant_v3p5_centerfinger_fullstat_v2/Background_eplus_fullsphere20_rep03_part01.inc1.id1.sim.gz
36668,prompt,eplus,57164,eplus,,prompt:eplus,0.0006792218562725798,510.9989,0.0,/home/ubuntu/TES_511_Balloon/runs/step02_instant_v3p5_centerfinger_fullstat_v2/Background_eplus_fullsphere20_rep03_part01.inc1.id1.sim.gz
39005,prompt,eplus,93630,eplus,,prompt:eplus,0.0006792218562725798,510.9989100069999,0.0,/home/ubuntu/TES_511_Balloon/runs/step02_instant_v3p5_centerfinger_fullstat_v2/Background_eplus_fullsphere20_rep03_part01.inc1.id1.sim.gz
40406,prompt,eplus,114158,eplus,,prompt:eplus,0.0006792218562725798,510.998895673,0.0,/home/ubuntu/TES_511_Balloon/runs/step02_instant_v3p5_centerfinger_fullstat_v2/Background_eplus_fullsphere20_rep03_part01.inc1.id1.sim.gz
40698,prompt,eplus,118699,eplus,,prompt:eplus,0.0006792218562725798,510.998949,0.0,/home/ubuntu/TES_511_Balloon/runs/step02_instant_v3p5_centerfinger_fullstat_v2/Background_eplus_fullsphere20_rep03_part01.inc1.id1.sim.gz
43389,prompt,eplus,160761,eplus,,prompt:eplus,0.0006792218562725798,510.9989060000001,0.0,/home/ubuntu/TES_511_Balloon/runs/step02_instant_v3p5_centerfinger_fullstat_v2/Background_eplus_fullsphere20_rep03_part01.inc1.id1.sim.gz
45342,prompt,eplus,190034,eplus,,prompt:eplus,0.0006792218562725798,510.99884800000007,0.0,/home/ubuntu/TES_511_Balloon/runs/step02_instant_v3p5_centerfinger_fullstat_v2/Background_eplus_fullsphere20_rep03_part01.inc1.id1.sim.gz
53141,prompt,eplus,68149,eplus,,prompt:eplus,0.0006792218562725798,510.99888400000003,0.0,/home/ubuntu/TES_511_Balloon/runs/step02_instant_v3p5_centerfinger_fullstat_v2/Background_eplus_fullsphere20_rep04_part01.inc1.id1.sim.gz
55922,prompt,eplus,111810,eplus,,prompt:eplus,0.0006792218562725798,510.9989,0.0,/home/ubuntu/TES_511_Balloon/runs/step02_instant_v3p5_centerfinger_fullstat_v2/Background_eplus_fullsphere20_rep04_part01.inc1.id1.sim.gz
57951,prompt,eplus,143342,eplus,,prompt:eplus,0.0006792218562725798,510.998876,0.0,/home/ubuntu/TES_511_Balloon/runs/step02_instant_v3p5_centerfinger_fullstat_v2/Background_eplus_fullsphere20_rep04_part01.inc1.id1.sim.gz
58525,prompt,eplus,152134,eplus,,prompt:eplus,0.0006792218562725798,510.9989,0.0,/home/ubuntu/TES_511_Balloon/runs/step02_instant_v3p5_centerfinger_fullstat_v2/Background_eplus_fullsphere20_rep04_part01.inc1.id1.sim.gz
60240,prompt,eplus,178865,eplus,,prompt:eplus,0.0006792218562725798,510.99897000000004,0.0,/home/ubuntu/TES_511_Balloon/runs/step02_instant_v3p5_centerfinger_fullstat_v2/Background_eplus_fullsphere20_rep04_part01.inc1.id1.sim.gz
60421,prompt,eplus,181715,eplus,,prompt:eplus,0.0006792218562725798,510.9989,0.0,/home/ubuntu/TES_511_Balloon/runs/step02_instant_v3p5_centerfinger_fullstat_v2/Background_eplus_fullsphere20_rep04_part01.inc1.id1.sim.gz
60459,prompt,eplus,182309,eplus,,prompt:eplus,0.0006792218562725798,510.99890000000005,0.0,/home/ubuntu/TES_511_Balloon/runs/step02_instant_v3p5_centerfinger_fullstat_v2/Background_eplus_fullsphere20_rep04_part01.inc1.id1.sim.gz
60875,prompt,eplus,188885,eplus,,prompt:eplus,0.0006792218562725798,510.99887300000006,0.0,/home/ubuntu/TES_511_Balloon/runs/step02_instant_v3p5_centerfinger_fullstat_v2/Background_eplus_fullsphere20_rep04_part01.inc1.id1.sim.gz
62069,prompt,eplus,207007,eplus,,prompt:eplus,0.0006792218562725798,510.99897999999996,0.0,/home/ubuntu/TES_511_Balloon/runs/step02_instant_v3p5_centerfinger_fullstat_v2/Background_eplus_fullsphere20_rep04_part01.inc1.id1.sim.gz
62664,prompt,eplus,216163,eplus,,prompt:eplus,0.0006792218562725798,510.9989,0.0,/home/ubuntu/TES_511_Balloon/runs/step02_instant_v3p5_centerfinger_fullstat_v2/Background_eplus_fullsphere20_rep04_part01.inc1.id1.sim.gz
63719,prompt,eplus,233066,eplus,,prompt:eplus,0.0006792218562725798,510.99890500000004,0.0,/home/ubuntu/TES_511_Balloon/runs/step02_instant_v3p5_centerfinger_fullstat_v2/Background_eplus_fullsphere20_rep04_part01.inc1.id1.sim.gz
64712,prompt,eplus,4412,eplus,,prompt:eplus,0.0006792218562725798,510.998977,0.0,/home/ubuntu/TES_511_Balloon/runs/step02_instant_v3p5_centerfinger_fullstat_v2/Background_eplus_fullsphere20_rep05_part01.inc1.id1.sim.gz
65704,prompt,eplus,19872,eplus,,prompt:eplus,0.0006792218562725798,510.9989280000001,0.0,/home/ubuntu/TES_511_Balloon/runs/step02_instant_v3p5_centerfinger_fullstat_v2/Background_eplus_fullsphere20_rep05_part01.inc1.id1.sim.gz
65730,prompt,eplus,20315,eplus,,prompt:eplus,0.0006792218562725798,510.9989,0.0,/home/ubuntu/TES_511_Balloon/runs/step02_instant_v3p5_centerfinger_fullstat_v2/Background_eplus_fullsphere20_rep05_part01.inc1.id1.sim.gz
71378,prompt,eplus,107525,eplus,,prompt:eplus,0.0006792218562725798,510.998907833,0.0,/home/ubuntu/TES_511_Balloon/runs/step02_instant_v3p5_centerfinger_fullstat_v2/Background_eplus_fullsphere20_rep05_part01.inc1.id1.sim.gz
71873,prompt,eplus,115114,eplus,,prompt:eplus,0.0006792218562725798,510.99892,0.0,/home/ubuntu/TES_511_Balloon/runs/step02_instant_v3p5_centerfinger_fullstat_v2/Background_eplus_fullsphere20_rep05_part01.inc1.id1.sim.gz
72932,prompt,eplus,131774,eplus,,prompt:eplus,0.0006792218562725798,510.99887,0.0,/home/ubuntu/TES_511_Balloon/runs/step02_instant_v3p5_centerfinger_fullstat_v2/Background_eplus_fullsphere20_rep05_part01.inc1.id1.sim.gz
73021,prompt,eplus,133277,eplus,,prompt:eplus,0.0006792218562725798,510.99890000000005,0.0,/home/ubuntu/TES_511_Balloon/runs/step02_instant_v3p5_centerfinger_fullstat_v2/Background_eplus_fullsphere20_rep05_part01.inc1.id1.sim.gz
76335,prompt,eplus,184658,eplus,,prompt:eplus,0.0006792218562725798,510.99889999999994,0.0,/home/ubuntu/TES_511_Balloon/runs/step02_instant_v3p5_centerfinger_fullstat_v2/Background_eplus_fullsphere20_rep05_part01.inc1.id1.sim.gz
76612,prompt,eplus,189419,eplus,,prompt:eplus,0.0006792218562725798,510.9989,0.0,/home/ubuntu/TES_511_Balloon/runs/step02_instant_v3p5_centerfinger_fullstat_v2/Background_eplus_fullsphere20_rep05_part01.inc1.id1.sim.gz
79236,prompt,eplus,230886,eplus,,prompt:eplus,0.0006792218562725798,510.99886,0.0,/home/ubuntu/TES_511_Balloon/runs/step02_instant_v3p5_centerfinger_fullstat_v2/Background_eplus_fullsphere20_rep05_part01.inc1.id1.sim.gz
81507,prompt,eplus,23934,eplus,,prompt:eplus,0.0006792218562725798,510.99890000000005,0.0,/home/ubuntu/TES_511_Balloon/runs/step02_instant_v3p5_centerfinger_fullstat_v2/Background_eplus_fullsphere20_rep06_part01.inc1.id1.sim.gz
81805,prompt,eplus,28510,eplus,,prompt:eplus,0.0006792218562725798,510.99881000000005,0.0,/home/ubuntu/TES_511_Balloon/runs/step02_instant_v3p5_centerfinger_fullstat_v2/Background_eplus_fullsphere20_rep06_part01.inc1.id1.sim.gz
83917,prompt,eplus,62189,eplus,,prompt:eplus,0.0006792218562725798,510.998954,0.0,/home/ubuntu/TES_511_Balloon/runs/step02_instant_v3p5_centerfinger_fullstat_v2/Background_eplus_fullsphere20_rep06_part01.inc1.id1.sim.gz
84240,prompt,eplus,67296,eplus,,prompt:eplus,0.0006792218562725798,510.99896,0.0,/home/ubuntu/TES_511_Balloon/runs/step02_instant_v3p5_centerfinger_fullstat_v2/Background_eplus_fullsphere20_rep06_part01.inc1.id1.sim.gz
86571,prompt,eplus,104066,eplus,,prompt:eplus,0.0006792218562725798,510.999,0.0,/home/ubuntu/TES_511_Balloon/runs/step02_instant_v3p5_centerfinger_fullstat_v2/Background_eplus_fullsphere20_rep06_part01.inc1.id1.sim.gz
88881,prompt,eplus,140058,eplus,,prompt:eplus,0.0006792218562725798,510.99890999999997,0.0,/home/ubuntu/TES_511_Balloon/runs/step02_instant_v3p5_centerfinger_fullstat_v2/Background_eplus_fullsphere20_rep06_part01.inc1.id1.sim.gz
89175,prompt,eplus,144768,eplus,,prompt:eplus,0.0006792218562725798,510.99893,0.0,/home/ubuntu/TES_511_Balloon/runs/step02_instant_v3p5_centerfinger_fullstat_v2/Background_eplus_fullsphere20_rep06_part01.inc1.id1.sim.gz
94298,prompt,eplus,224887,eplus,,prompt:eplus,0.0006792218562725798,510.99890000000005,0.0,/home/ubuntu/TES_511_Balloon/runs/step02_instant_v3p5_centerfinger_fullstat_v2/Background_eplus_fullsphere20_rep06_part01.inc1.id1.sim.gz
94507,prompt,eplus,227938,eplus,,prompt:eplus,0.0006792218562725798,510.998878,0.0,/home/ubuntu/TES_511_Balloon/runs/step02_instant_v3p5_centerfinger_fullstat_v2/Background_eplus_fullsphere20_rep06_part01.inc1.id1.sim.gz
95387,prompt,eplus,241096,eplus,,prompt:eplus,0.0006792218562725798,510.99890000000005,0.0,/home/ubuntu/TES_511_Balloon/runs/step02_instant_v3p5_centerfinger_fullstat_v2/Background_eplus_fullsphere20_rep06_part01.inc1.id1.sim.gz
96312,prompt,eplus,11466,eplus,,prompt:eplus,0.0006792218562725798,510.99886999999995,0.0,/home/ubuntu/TES_511_Balloon/runs/step02_instant_v3p5_centerfinger_fullstat_v2/Background_eplus_fullsphere20_rep07_part01.inc1.id1.sim.gz
98604,prompt,eplus,47991,eplus,,prompt:eplus,0.0006792218562725798,510.99889499999995,0.0,/home/ubuntu/TES_511_Balloon/runs/step02_instant_v3p5_centerfinger_fullstat_v2/Background_eplus_fullsphere20_rep07_part01.inc1.id1.sim.gz
101272,prompt,eplus,89729,eplus,,prompt:eplus,0.0006792218562725798,510.99890000000005,0.0,/home/ubuntu/TES_511_Balloon/runs/step02_instant_v3p5_centerfinger_fullstat_v2/Background_eplus_fullsphere20_rep07_part01.inc1.id1.sim.gz
101855,prompt,eplus,99174,eplus,,prompt:eplus,0.0006792218562725798,510.99889299999995,0.0,/home/ubuntu/TES_511_Balloon/runs/step02_instant_v3p5_centerfinger_fullstat_v2/Background_eplus_fullsphere20_rep07_part01.inc1.id1.sim.gz
103646,prompt,eplus,127344,eplus,,prompt:eplus,0.0006792218562725798,510.99889999999994,0.0,/home/ubuntu/TES_511_Balloon/runs/step02_instant_v3p5_centerfinger_fullstat_v2/Background_eplus_fullsphere20_rep07_part01.inc1.id1.sim.gz
103651,prompt,eplus,127400,eplus,,prompt:eplus,0.0006792218562725798,510.998871,0.0,/home/ubuntu/TES_511_Balloon/runs/step02_instant_v3p5_centerfinger_fullstat_v2/Background_eplus_fullsphere20_rep07_part01.inc1.id1.sim.gz
103953,prompt,eplus,132159,eplus,,prompt:eplus,0.0006792218562725798,510.99889,0.0,/home/ubuntu/TES_511_Balloon/runs/step02_instant_v3p5_centerfinger_fullstat_v2/Background_eplus_fullsphere20_rep07_part01.inc1.id1.sim.gz
109648,prompt,eplus,224468,eplus,,prompt:eplus,0.0006792218562725798,510.9989,0.0,/home/ubuntu/TES_511_Balloon/runs/step02_instant_v3p5_centerfinger_fullstat_v2/Background_eplus_fullsphere20_rep07_part01.inc1.id1.sim.gz
112235,prompt,eplus,20619,eplus,,prompt:eplus,0.0006792218562725798,510.99890000000005,0.0,/home/ubuntu/TES_511_Balloon/runs/step02_instant_v3p5_centerfinger_fullstat_v2/Background_eplus_fullsphere20_rep08_part01.inc1.id1.sim.gz
112783,prompt,eplus,29279,eplus,,prompt:eplus,0.0006792218562725798,510.998895,0.0,/home/ubuntu/TES_511_Balloon/runs/step02_instant_v3p5_centerfinger_fullstat_v2/Background_eplus_fullsphere20_rep08_part01.inc1.id1.sim.gz
114547,prompt,eplus,55913,eplus,,prompt:eplus,0.0006792218562725798,510.999,0.0,/home/ubuntu/TES_511_Balloon/runs/step02_instant_v3p5_centerfinger_fullstat_v2/Background_eplus_fullsphere20_rep08_part01.inc1.id1.sim.gz
114674,prompt,eplus,57706,eplus,,prompt:eplus,0.0006792218562725798,510.99890000000005,0.0,/home/ubuntu/TES_511_Balloon/runs/step02_instant_v3p5_centerfinger_fullstat_v2/Background_eplus_fullsphere20_rep08_part01.inc1.id1.sim.gz
118683,prompt,eplus,120390,eplus,,prompt:eplus,0.0006792218562725798,510.99888,0.0,/home/ubuntu/TES_511_Balloon/runs/step02_instant_v3p5_centerfinger_fullstat_v2/Background_eplus_fullsphere20_rep08_part01.inc1.id1.sim.gz
122140,prompt,eplus,173330,eplus,,prompt:eplus,0.0006792218562725798,510.998997,0.0,/home/ubuntu/TES_511_Balloon/runs/step02_instant_v3p5_centerfinger_fullstat_v2/Background_eplus_fullsphere20_rep08_part01.inc1.id1.sim.gz
122939,prompt,eplus,185900,eplus,,prompt:eplus,0.0006792218562725798,510.99893000000003,0.0,/home/ubuntu/TES_511_Balloon/runs/step02_instant_v3p5_centerfinger_fullstat_v2/Background_eplus_fullsphere20_rep08_part01.inc1.id1.sim.gz
124704,prompt,eplus,212464,eplus,,prompt:eplus,0.0006792218562725798,510.998877,0.0,/home/ubuntu/TES_511_Balloon/runs/step02_instant_v3p5_centerfinger_fullstat_v2/Background_eplus_fullsphere20_rep08_part01.inc1.id1.sim.gz
183325,prompt,muplus,3340,muplus,,prompt:muplus,0.0006733204190476959,510.9989,0.0,/home/ubuntu/TES_511_Balloon/runs/step02_instant_v3p5_centerfinger_fullstat_v2/Background_muplus_fullsphere20_rep07_part01.inc1.id1.sim.gz
242233,prompt,n,763888,n,,prompt:n,0.0006786092852751285,510.99893493689996,0.0,/home/ubuntu/TES_511_Balloon/runs/step02_instant_v3p5_centerfinger_fullstat_v2/Background_n_fullsphere20_rep01_part01.inc1.id1.sim.gz
280189,prompt,n,294474,n,,prompt:n,0.0006786092852751285,510.99889999999994,0.0,/home/ubuntu/TES_511_Balloon/runs/step02_instant_v3p5_centerfinger_fullstat_v2/Background_n_fullsphere20_rep02_part01.inc1.id1.sim.gz
509692,prompt,n,426555,n,,prompt:n,0.0006786092852751285,510.99895000000004,0.3907744,/home/ubuntu/TES_511_Balloon/runs/step02_instant_v3p5_centerfinger_fullstat_v2/Background_n_fullsphere20_rep05_part01.inc1.id1.sim.gz
549417,prompt,n,943943,n,,prompt:n,0.0006786092852751285,510.99889999999994,0.1871969,/home/ubuntu/TES_511_Balloon/runs/step02_instant_v3p5_centerfinger_fullstat_v2/Background_n_fullsphere20_rep05_part01.inc1.id1.sim.gz
609834,prompt,n,771980,n,,prompt:n,0.0006786092852751285,510.99893899999995,9.291398e-05,/home/ubuntu/TES_511_Balloon/runs/step02_instant_v3p5_centerfinger_fullstat_v2/Background_n_fullsphere20_rep06_part01.inc1.id1.sim.gz
615366,prompt,n,843879,n,,prompt:n,0.0006786092852751285,510.99889800000005,0.3376942,/home/ubuntu/TES_511_Balloon/runs/step02_instant_v3p5_centerfinger_fullstat_v2/Background_n_fullsphere20_rep06_part01.inc1.id1.sim.gz
790058,delayed,activation,2080,Cu64,ColdPlate_MXC_50mK_SD_anchor,delayed:Cu64:ColdPlate_MXC_50mK_SD_anchor,8.671824669136112e-05,510.9989,0.0,/home/ubuntu/TES_511_Balloon/runs/step02_delayed_transport_v3p5_centerfinger_fullstat_v2/DelayedDecayRPIPGroundStateFixed.inc1.id1.sim.gz
792392,delayed,activation,13272,Cu64,ColdPlate_CP_100mK_intercept,delayed:Cu64:ColdPlate_CP_100mK_intercept,8.671824669136112e-05,510.9988900000001,0.0,/home/ubuntu/TES_511_Balloon/runs/step02_delayed_transport_v3p5_centerfinger_fullstat_v2/DelayedDecayRPIPGroundStateFixed.inc1.id1.sim.gz
792422,delayed,activation,13404,Cu64,ColdPlate_MXC_50mK_SD_anchor,delayed:Cu64:ColdPlate_MXC_50mK_SD_anchor,8.671824669136112e-05,510.9988554513001,0.0,/home/ubuntu/TES_511_Balloon/runs/step02_delayed_transport_v3p5_centerfinger_fullstat_v2/DelayedDecayRPIPGroundStateFixed.inc1.id1.sim.gz
795963,delayed,activation,31139,I122,Cu_SubstrateSupport_SolidDisk_L0_deepest,delayed:I122:Cu_SubstrateSupport_SolidDisk_L0_deepest,8.671824669136112e-05,510.99897,0.0,/home/ubuntu/TES_511_Balloon/runs/step02_delayed_transport_v3p5_centerfinger_fullstat_v2/DelayedDecayRPIPGroundStateFixed.inc1.id1.sim.gz
798142,delayed,activation,42097,Cu64,ColdPlate_MXC_50mK_SD_anchor,delayed:Cu64:ColdPlate_MXC_50mK_SD_anchor,8.671824669136112e-05,510.99888,0.0,/home/ubuntu/TES_511_Balloon/runs/step02_delayed_transport_v3p5_centerfinger_fullstat_v2/DelayedDecayRPIPGroundStateFixed.inc1.id1.sim.gz
798558,delayed,activation,44309,Cu64,Still_Shield_Al_side_window_side_wall_above_side_port,delayed:Cu64:Still_Shield_Al_side_window_side_wall_above_side_port,8.671824669136112e-05,510.99895000000004,0.0,/home/ubuntu/TES_511_Balloon/runs/step02_delayed_transport_v3p5_centerfinger_fullstat_v2/DelayedDecayRPIPGroundStateFixed.inc1.id1.sim.gz
799988,delayed,activation,51649,Cu62,ColdPlate_CP_100mK_intercept,delayed:Cu62:ColdPlate_CP_100mK_intercept,8.671824669136112e-05,510.9989,0.0,/home/ubuntu/TES_511_Balloon/runs/step02_delayed_transport_v3p5_centerfinger_fullstat_v2/DelayedDecayRPIPGroundStateFixed.inc1.id1.sim.gz
801601,delayed,activation,59312,I124,ColdPlate_MXC_50mK_SD_anchor,delayed:I124:ColdPlate_MXC_50mK_SD_anchor,8.671824669136112e-05,510.9989,0.0,/home/ubuntu/TES_511_Balloon/runs/step02_delayed_transport_v3p5_centerfinger_fullstat_v2/DelayedDecayRPIPGroundStateFixed.inc1.id1.sim.gz
801984,delayed,activation,61312,Nb89,ColdPlate_MXC_50mK_SD_anchor,delayed:Nb89:ColdPlate_MXC_50mK_SD_anchor,8.671824669136112e-05,510.9988599999999,0.0,/home/ubuntu/TES_511_Balloon/runs/step02_delayed_transport_v3p5_centerfinger_fullstat_v2/DelayedDecayRPIPGroundStateFixed.inc1.id1.sim.gz
802313,delayed,activation,62941,Cu64,ColdPlate_CP_100mK_intercept,delayed:Cu64:ColdPlate_CP_100mK_intercept,8.671824669136112e-05,510.99889999999994,0.0,/home/ubuntu/TES_511_Balloon/runs/step02_delayed_transport_v3p5_centerfinger_fullstat_v2/DelayedDecayRPIPGroundStateFixed.inc1.id1.sim.gz
803439,delayed,activation,68805,Cu64,Cu_SubstrateSupport_SolidDisk_L0_deepest,delayed:Cu64:Cu_SubstrateSupport_SolidDisk_L0_deepest,8.671824669136112e-05,510.99890999999997,0.0,/home/ubuntu/TES_511_Balloon/runs/step02_delayed_transport_v3p5_centerfinger_fullstat_v2/DelayedDecayRPIPGroundStateFixed.inc1.id1.sim.gz
804132,delayed,activation,72439,I122,Cu_SubstrateSupport_SolidDisk_L0_deepest,delayed:I122:Cu_SubstrateSupport_SolidDisk_L0_deepest,8.671824669136112e-05,510.99882800000006,0.0,/home/ubuntu/TES_511_Balloon/runs/step02_delayed_transport_v3p5_centerfinger_fullstat_v2/DelayedDecayRPIPGroundStateFixed.inc1.id1.sim.gz
805534,delayed,activation,79793,Cu64,ColdPlate_MXC_50mK_SD_anchor,delayed:Cu64:ColdPlate_MXC_50mK_SD_anchor,8.671824669136112e-05,510.998894,0.0,/home/ubuntu/TES_511_Balloon/runs/step02_delayed_transport_v3p5_centerfinger_fullstat_v2/DelayedDecayRPIPGroundStateFixed.inc1.id1.sim.gz
807344,delayed,activation,88557,Te116,Cu_SubstrateSupport_SolidDisk_L0_deepest,delayed:Te116:Cu_SubstrateSupport_SolidDisk_L0_deepest,8.671824669136112e-05,510.998904,0.0,/home/ubuntu/TES_511_Balloon/runs/step02_delayed_transport_v3p5_centerfinger_fullstat_v2/DelayedDecayRPIPGroundStateFixed.inc1.id1.sim.gz
810093,delayed,activation,102515,Cu64,Cu_SubstrateSupport_SolidDisk_L0_deepest,delayed:Cu64:Cu_SubstrateSupport_SolidDisk_L0_deepest,8.671824669136112e-05,510.99889999999994,0.0,/home/ubuntu/TES_511_Balloon/runs/step02_delayed_transport_v3p5_centerfinger_fullstat_v2/DelayedDecayRPIPGroundStateFixed.inc1.id1.sim.gz
811648,delayed,activation,110243,Co55,DR_MixingChamber_Cu,delayed:Co55:DR_MixingChamber_Cu,8.671824669136112e-05,510.99892800000003,0.0,/home/ubuntu/TES_511_Balloon/runs/step02_delayed_transport_v3p5_centerfinger_fullstat_v2/DelayedDecayRPIPGroundStateFixed.inc1.id1.sim.gz
812313,delayed,activation,113587,Cu64,ColdPlate_MXC_50mK_SD_anchor,delayed:Cu64:ColdPlate_MXC_50mK_SD_anchor,8.671824669136112e-05,510.998949,0.0,/home/ubuntu/TES_511_Balloon/runs/step02_delayed_transport_v3p5_centerfinger_fullstat_v2/DelayedDecayRPIPGroundStateFixed.inc1.id1.sim.gz
812669,delayed,activation,115418,Cu64,DR_MixingChamber_Cu,delayed:Cu64:DR_MixingChamber_Cu,8.671824669136112e-05,510.99890000000005,0.0,/home/ubuntu/TES_511_Balloon/runs/step02_delayed_transport_v3p5_centerfinger_fullstat_v2/DelayedDecayRPIPGroundStateFixed.inc1.id1.sim.gz
812957,delayed,activation,116802,Cu64,DR_MixingChamber_Cu,delayed:Cu64:DR_MixingChamber_Cu,8.671824669136112e-05,510.99890600000003,0.0,/home/ubuntu/TES_511_Balloon/runs/step02_delayed_transport_v3p5_centerfinger_fullstat_v2/DelayedDecayRPIPGroundStateFixed.inc1.id1.sim.gz
815555,delayed,activation,130686,Cs132,ColdPlate_MXC_50mK_SD_anchor,delayed:Cs132:ColdPlate_MXC_50mK_SD_anchor,8.671824669136112e-05,510.99892,47.188370000000006,/home/ubuntu/TES_511_Balloon/runs/step02_delayed_transport_v3p5_centerfinger_fullstat_v2/DelayedDecayRPIPGroundStateFixed.inc1.id1.sim.gz
815829,delayed,activation,132060,Cu64,ColdPlate_CP_100mK_intercept,delayed:Cu64:ColdPlate_CP_100mK_intercept,8.671824669136112e-05,510.99892000000006,0.0,/home/ubuntu/TES_511_Balloon/runs/step02_delayed_transport_v3p5_centerfinger_fullstat_v2/DelayedDecayRPIPGroundStateFixed.inc1.id1.sim.gz
816740,delayed,activation,136563,Cu64,ColdPlate_MXC_50mK_SD_anchor,delayed:Cu64:ColdPlate_MXC_50mK_SD_anchor,8.671824669136112e-05,510.99889999999994,0.0,/home/ubuntu/TES_511_Balloon/runs/step02_delayed_transport_v3p5_centerfinger_fullstat_v2/DelayedDecayRPIPGroundStateFixed.inc1.id1.sim.gz
816787,delayed,activation,136834,Cu64,ColdPlate_MXC_50mK_SD_anchor,delayed:Cu64:ColdPlate_MXC_50mK_SD_anchor,8.671824669136112e-05,510.99893125898996,0.0,/home/ubuntu/TES_511_Balloon/runs/step02_delayed_transport_v3p5_centerfinger_fullstat_v2/DelayedDecayRPIPGroundStateFixed.inc1.id1.sim.gz
817637,delayed,activation,141204,Cu64,DR_MixingChamber_Cu,delayed:Cu64:DR_MixingChamber_Cu,8.671824669136112e-05,510.99885800000004,0.0,/home/ubuntu/TES_511_Balloon/runs/step02_delayed_transport_v3p5_centerfinger_fullstat_v2/DelayedDecayRPIPGroundStateFixed.inc1.id1.sim.gz
822023,delayed,activation,162859,Cu64,Cu_SubstrateSupport_SolidDisk_L0_deepest,delayed:Cu64:Cu_SubstrateSupport_SolidDisk_L0_deepest,8.671824669136112e-05,510.99899,0.0,/home/ubuntu/TES_511_Balloon/runs/step02_delayed_transport_v3p5_centerfinger_fullstat_v2/DelayedDecayRPIPGroundStateFixed.inc1.id1.sim.gz
823208,delayed,activation,168880,Cu64,ColdPlate_CP_100mK_intercept,delayed:Cu64:ColdPlate_CP_100mK_intercept,8.671824669136112e-05,510.99888999999996,0.0,/home/ubuntu/TES_511_Balloon/runs/step02_delayed_transport_v3p5_centerfinger_fullstat_v2/DelayedDecayRPIPGroundStateFixed.inc1.id1.sim.gz
823532,delayed,activation,170525,P30,Cu_SubstrateSupport_SolidDisk_L0_deepest,delayed:P30:Cu_SubstrateSupport_SolidDisk_L0_deepest,8.671824669136112e-05,510.99893,0.0,/home/ubuntu/TES_511_Balloon/runs/step02_delayed_transport_v3p5_centerfinger_fullstat_v2/DelayedDecayRPIPGroundStateFixed.inc1.id1.sim.gz
823798,delayed,activation,171858,I128,ColdPlate_MXC_50mK_SD_anchor,delayed:I128:ColdPlate_MXC_50mK_SD_anchor,8.671824669136112e-05,510.8388256950001,0.0,/home/ubuntu/TES_511_Balloon/runs/step02_delayed_transport_v3p5_centerfinger_fullstat_v2/DelayedDecayRPIPGroundStateFixed.inc1.id1.sim.gz
826493,delayed,activation,185571,Cs126,Cu_SubstrateSupport_SolidDisk_L0_deepest,delayed:Cs126:Cu_SubstrateSupport_SolidDisk_L0_deepest,8.671824669136112e-05,510.99888999999996,0.0,/home/ubuntu/TES_511_Balloon/runs/step02_delayed_transport_v3p5_centerfinger_fullstat_v2/DelayedDecayRPIPGroundStateFixed.inc1.id1.sim.gz
827326,delayed,activation,189794,Cu62,Cu_SubstrateSupport_SolidDisk_L0_deepest,delayed:Cu62:Cu_SubstrateSupport_SolidDisk_L0_deepest,8.671824669136112e-05,510.99892000000006,0.0,/home/ubuntu/TES_511_Balloon/runs/step02_delayed_transport_v3p5_centerfinger_fullstat_v2/DelayedDecayRPIPGroundStateFixed.inc1.id1.sim.gz
827590,delayed,activation,191178,Cs126,Cu_SubstrateSupport_SolidDisk_L0_deepest,delayed:Cs126:Cu_SubstrateSupport_SolidDisk_L0_deepest,8.671824669136112e-05,510.9989069999999,0.0,/home/ubuntu/TES_511_Balloon/runs/step02_delayed_transport_v3p5_centerfinger_fullstat_v2/DelayedDecayRPIPGroundStateFixed.inc1.id1.sim.gz
829513,delayed,activation,200784,P30,Cu_SubstrateSupport_SolidDisk_L0_deepest,delayed:P30:Cu_SubstrateSupport_SolidDisk_L0_deepest,8.671824669136112e-05,510.998998,0.0,/home/ubuntu/TES_511_Balloon/runs/step02_delayed_transport_v3p5_centerfinger_fullstat_v2/DelayedDecayRPIPGroundStateFixed.inc1.id1.sim.gz
830317,delayed,activation,204682,Cu64,ColdPlate_CP_100mK_intercept,delayed:Cu64:ColdPlate_CP_100mK_intercept,8.671824669136112e-05,510.99894,0.0,/home/ubuntu/TES_511_Balloon/runs/step02_delayed_transport_v3p5_centerfinger_fullstat_v2/DelayedDecayRPIPGroundStateFixed.inc1.id1.sim.gz
830376,delayed,activation,204961,Cu64,ColdPlate_MXC_50mK_SD_anchor,delayed:Cu64:ColdPlate_MXC_50mK_SD_anchor,8.671824669136112e-05,510.998933,0.0,/home/ubuntu/TES_511_Balloon/runs/step02_delayed_transport_v3p5_centerfinger_fullstat_v2/DelayedDecayRPIPGroundStateFixed.inc1.id1.sim.gz
831663,delayed,activation,211544,Cu64,Vacuum_Jacket_Al_266mmClass_side_port_side_wall_above_side_port,delayed:Cu64:Vacuum_Jacket_Al_266mmClass_side_port_side_wall_above_side_port,8.671824669136112e-05,510.99888000000004,0.0,/home/ubuntu/TES_511_Balloon/runs/step02_delayed_transport_v3p5_centerfinger_fullstat_v2/DelayedDecayRPIPGroundStateFixed.inc1.id1.sim.gz
832864,delayed,activation,217550,Cu64,DR_MixingChamber_Cu,delayed:Cu64:DR_MixingChamber_Cu,8.671824669136112e-05,510.99893399999996,0.0,/home/ubuntu/TES_511_Balloon/runs/step02_delayed_transport_v3p5_centerfinger_fullstat_v2/DelayedDecayRPIPGroundStateFixed.inc1.id1.sim.gz
832985,delayed,activation,218152,F18,Cu_SubstrateSupport_SolidDisk_L0_deepest,delayed:F18:Cu_SubstrateSupport_SolidDisk_L0_deepest,8.671824669136112e-05,510.99893000000003,0.0,/home/ubuntu/TES_511_Balloon/runs/step02_delayed_transport_v3p5_centerfinger_fullstat_v2/DelayedDecayRPIPGroundStateFixed.inc1.id1.sim.gz
835187,delayed,activation,229159,Cu62,ColdPlate_MXC_50mK_SD_anchor,delayed:Cu62:ColdPlate_MXC_50mK_SD_anchor,8.671824669136112e-05,510.9989,0.0,/home/ubuntu/TES_511_Balloon/runs/step02_delayed_transport_v3p5_centerfinger_fullstat_v2/DelayedDecayRPIPGroundStateFixed.inc1.id1.sim.gz
835375,delayed,activation,230211,Cs130,Cu_SubstrateSupport_SolidDisk_L0_deepest,delayed:Cs130:Cu_SubstrateSupport_SolidDisk_L0_deepest,8.671824669136112e-05,510.999,0.0,/home/ubuntu/TES_511_Balloon/runs/step02_delayed_transport_v3p5_centerfinger_fullstat_v2/DelayedDecayRPIPGroundStateFixed.inc1.id1.sim.gz
836300,delayed,activation,234725,Cu64,ColdPlate_CP_100mK_intercept,delayed:Cu64:ColdPlate_CP_100mK_intercept,8.671824669136112e-05,510.99893,0.0,/home/ubuntu/TES_511_Balloon/runs/step02_delayed_transport_v3p5_centerfinger_fullstat_v2/DelayedDecayRPIPGroundStateFixed.inc1.id1.sim.gz
837189,delayed,activation,239148,Cs124,Still_Shield_Al_side_window_side_wall_below_side_port,delayed:Cs124:Still_Shield_Al_side_window_side_wall_below_side_port,8.671824669136112e-05,510.9989,0.0,/home/ubuntu/TES_511_Balloon/runs/step02_delayed_transport_v3p5_centerfinger_fullstat_v2/DelayedDecayRPIPGroundStateFixed.inc1.id1.sim.gz
838205,delayed,activation,244211,Cu64,ColdPlate_MXC_50mK_SD_anchor,delayed:Cu64:ColdPlate_MXC_50mK_SD_anchor,8.671824669136112e-05,510.99885,0.0,/home/ubuntu/TES_511_Balloon/runs/step02_delayed_transport_v3p5_centerfinger_fullstat_v2/DelayedDecayRPIPGroundStateFixed.inc1.id1.sim.gz
840603,delayed,activation,256198,Cs130,ColdPlate_MXC_50mK_SD_anchor,delayed:Cs130:ColdPlate_MXC_50mK_SD_anchor,8.671824669136112e-05,510.998911,0.0,/home/ubuntu/TES_511_Balloon/runs/step02_delayed_transport_v3p5_centerfinger_fullstat_v2/DelayedDecayRPIPGroundStateFixed.inc1.id1.sim.gz
840999,delayed,activation,258229,Cu64,ColdPlate_MXC_50mK_SD_anchor,delayed:Cu64:ColdPlate_MXC_50mK_SD_anchor,8.671824669136112e-05,510.9989430000001,0.0,/home/ubuntu/TES_511_Balloon/runs/step02_delayed_transport_v3p5_centerfinger_fullstat_v2/DelayedDecayRPIPGroundStateFixed.inc1.id1.sim.gz
842838,delayed,activation,267387,Sb118,Cu_SubstrateSupport_SolidDisk_L0_deepest,delayed:Sb118:Cu_SubstrateSupport_SolidDisk_L0_deepest,8.671824669136112e-05,510.998882,0.0,/home/ubuntu/TES_511_Balloon/runs/step02_delayed_transport_v3p5_centerfinger_fullstat_v2/DelayedDecayRPIPGroundStateFixed.inc1.id1.sim.gz
842905,delayed,activation,267765,Cu64,DR_MixingChamber_Cu,delayed:Cu64:DR_MixingChamber_Cu,8.671824669136112e-05,510.99890000000005,0.0,/home/ubuntu/TES_511_Balloon/runs/step02_delayed_transport_v3p5_centerfinger_fullstat_v2/DelayedDecayRPIPGroundStateFixed.inc1.id1.sim.gz
844759,delayed,activation,276643,I122,Cu_SubstrateSupport_SolidDisk_L0_deepest,delayed:I122:Cu_SubstrateSupport_SolidDisk_L0_deepest,8.671824669136112e-05,510.99892,0.0,/home/ubuntu/TES_511_Balloon/runs/step02_delayed_transport_v3p5_centerfinger_fullstat_v2/DelayedDecayRPIPGroundStateFixed.inc1.id1.sim.gz
846225,delayed,activation,284058,Cu64,DR_MixingChamber_Cu,delayed:Cu64:DR_MixingChamber_Cu,8.671824669136112e-05,510.99893999999995,0.0,/home/ubuntu/TES_511_Balloon/runs/step02_delayed_transport_v3p5_centerfinger_fullstat_v2/DelayedDecayRPIPGroundStateFixed.inc1.id1.sim.gz
846919,delayed,activation,287378,Cu62,ColdPlate_MXC_50mK_SD_anchor,delayed:Cu62:ColdPlate_MXC_50mK_SD_anchor,8.671824669136112e-05,510.99890000000005,0.0,/home/ubuntu/TES_511_Balloon/runs/step02_delayed_transport_v3p5_centerfinger_fullstat_v2/DelayedDecayRPIPGroundStateFixed.inc1.id1.sim.gz
849221,delayed,activation,299001,I128,ColdPlate_MXC_50mK_SD_anchor,delayed:I128:ColdPlate_MXC_50mK_SD_anchor,8.671824669136112e-05,510.735859559,0.0,/home/ubuntu/TES_511_Balloon/runs/step02_delayed_transport_v3p5_centerfinger_fullstat_v2/DelayedDecayRPIPGroundStateFixed.inc1.id1.sim.gz
849349,delayed,activation,299627,Cu64,ColdPlate_CP_100mK_intercept,delayed:Cu64:ColdPlate_CP_100mK_intercept,8.671824669136112e-05,510.99896,0.0,/home/ubuntu/TES_511_Balloon/runs/step02_delayed_transport_v3p5_centerfinger_fullstat_v2/DelayedDecayRPIPGroundStateFixed.inc1.id1.sim.gz
851244,delayed,activation,309282,Cu64,Shield_4K_Al_side_window_side_wall_above_side_port,delayed:Cu64:Shield_4K_Al_side_window_side_wall_above_side_port,8.671824669136112e-05,510.99893099999997,0.0,/home/ubuntu/TES_511_Balloon/runs/step02_delayed_transport_v3p5_centerfinger_fullstat_v2/DelayedDecayRPIPGroundStateFixed.inc1.id1.sim.gz
851628,delayed,activation,311257,I121,ColdPlate_MXC_50mK_SD_anchor,delayed:I121:ColdPlate_MXC_50mK_SD_anchor,8.671824669136112e-05,510.998879,0.0,/home/ubuntu/TES_511_Balloon/runs/step02_delayed_transport_v3p5_centerfinger_fullstat_v2/DelayedDecayRPIPGroundStateFixed.inc1.id1.sim.gz
852185,delayed,activation,314063,Cu64,Still_Shield_Al_side_window_side_wall_above_side_port,delayed:Cu64:Still_Shield_Al_side_window_side_wall_above_side_port,8.671824669136112e-05,510.9989,0.0,/home/ubuntu/TES_511_Balloon/runs/step02_delayed_transport_v3p5_centerfinger_fullstat_v2/DelayedDecayRPIPGroundStateFixed.inc1.id1.sim.gz
853092,delayed,activation,318682,Cu64,DR_MixingChamber_Cu,delayed:Cu64:DR_MixingChamber_Cu,8.671824669136112e-05,510.9988935,0.0,/home/ubuntu/TES_511_Balloon/runs/step02_delayed_transport_v3p5_centerfinger_fullstat_v2/DelayedDecayRPIPGroundStateFixed.inc1.id1.sim.gz
855501,delayed,activation,330337,Cs134,Shield_60K_Al_side_window_side_wall_below_side_port,delayed:Cs134:Shield_60K_Al_side_window_side_wall_below_side_port,8.671824669136112e-05,510.6810336000001,0.0,/home/ubuntu/TES_511_Balloon/runs/step02_delayed_transport_v3p5_centerfinger_fullstat_v2/DelayedDecayRPIPGroundStateFixed.inc1.id1.sim.gz
855701,delayed,activation,331316,Cu64,ColdPlate_MXC_50mK_SD_anchor,delayed:Cu64:ColdPlate_MXC_50mK_SD_anchor,8.671824669136112e-05,510.998887,0.0,/home/ubuntu/TES_511_Balloon/runs/step02_delayed_transport_v3p5_centerfinger_fullstat_v2/DelayedDecayRPIPGroundStateFixed.inc1.id1.sim.gz
855814,delayed,activation,331921,Cu64,ColdPlate_MXC_50mK_SD_anchor,delayed:Cu64:ColdPlate_MXC_50mK_SD_anchor,8.671824669136112e-05,510.998924,0.0,/home/ubuntu/TES_511_Balloon/runs/step02_delayed_transport_v3p5_centerfinger_fullstat_v2/DelayedDecayRPIPGroundStateFixed.inc1.id1.sim.gz
857764,delayed,activation,341653,I124,Cu_SubstrateSupport_SolidDisk_L0_deepest,delayed:I124:Cu_SubstrateSupport_SolidDisk_L0_deepest,8.671824669136112e-05,510.99893000000003,0.0,/home/ubuntu/TES_511_Balloon/runs/step02_delayed_transport_v3p5_centerfinger_fullstat_v2/DelayedDecayRPIPGroundStateFixed.inc1.id1.sim.gz
857973,delayed,activation,342698,Cu64,Cu_SubstrateSupport_SolidDisk_L0_deepest,delayed:Cu64:Cu_SubstrateSupport_SolidDisk_L0_deepest,8.671824669136112e-05,510.99890000000005,8.545605,/home/ubuntu/TES_511_Balloon/runs/step02_delayed_transport_v3p5_centerfinger_fullstat_v2/DelayedDecayRPIPGroundStateFixed.inc1.id1.sim.gz
859249,delayed,activation,348975,I122,Shield_4K_Al_side_window_side_wall_below_side_port,delayed:I122:Shield_4K_Al_side_window_side_wall_below_side_port,8.671824669136112e-05,510.99890000000005,0.0,/home/ubuntu/TES_511_Balloon/runs/step02_delayed_transport_v3p5_centerfinger_fullstat_v2/DelayedDecayRPIPGroundStateFixed.inc1.id1.sim.gz
859513,delayed,activation,350354,Sb118,ColdPlate_MXC_50mK_SD_anchor,delayed:Sb118:ColdPlate_MXC_50mK_SD_anchor,8.671824669136112e-05,510.99890000000005,0.0,/home/ubuntu/TES_511_Balloon/runs/step02_delayed_transport_v3p5_centerfinger_fullstat_v2/DelayedDecayRPIPGroundStateFixed.inc1.id1.sim.gz
859686,delayed,activation,351183,Cu64,DR_MixingChamber_Cu,delayed:Cu64:DR_MixingChamber_Cu,8.671824669136112e-05,510.99890999999997,0.0,/home/ubuntu/TES_511_Balloon/runs/step02_delayed_transport_v3p5_centerfinger_fullstat_v2/DelayedDecayRPIPGroundStateFixed.inc1.id1.sim.gz
861030,delayed,activation,357900,Cu62,ColdPlate_MXC_50mK_SD_anchor,delayed:Cu62:ColdPlate_MXC_50mK_SD_anchor,8.671824669136112e-05,510.99892,0.0,/home/ubuntu/TES_511_Balloon/runs/step02_delayed_transport_v3p5_centerfinger_fullstat_v2/DelayedDecayRPIPGroundStateFixed.inc1.id1.sim.gz
861680,delayed,activation,361199,I122,Cu_SubstrateSupport_SolidDisk_L0_deepest,delayed:I122:Cu_SubstrateSupport_SolidDisk_L0_deepest,8.671824669136112e-05,510.9989643,0.0,/home/ubuntu/TES_511_Balloon/runs/step02_delayed_transport_v3p5_centerfinger_fullstat_v2/DelayedDecayRPIPGroundStateFixed.inc1.id1.sim.gz
867693,delayed,activation,390805,Cu64,DR_MixingChamber_Cu,delayed:Cu64:DR_MixingChamber_Cu,8.671824669136112e-05,510.9989,0.0,/home/ubuntu/TES_511_Balloon/runs/step02_delayed_transport_v3p5_centerfinger_fullstat_v2/DelayedDecayRPIPGroundStateFixed.inc1.id1.sim.gz
868164,delayed,activation,393082,Cs128,DR_MixingChamber_Cu,delayed:Cs128:DR_MixingChamber_Cu,8.671824669136112e-05,510.99890000000005,0.0,/home/ubuntu/TES_511_Balloon/runs/step02_delayed_transport_v3p5_centerfinger_fullstat_v2/DelayedDecayRPIPGroundStateFixed.inc1.id1.sim.gz
869544,delayed,activation,400169,I126,Cu_SubstrateSupport_SolidDisk_L0_deepest,delayed:I126:Cu_SubstrateSupport_SolidDisk_L0_deepest,8.671824669136112e-05,510.998934,0.0,/home/ubuntu/TES_511_Balloon/runs/step02_delayed_transport_v3p5_centerfinger_fullstat_v2/DelayedDecayRPIPGroundStateFixed.inc1.id1.sim.gz
869965,delayed,activation,402479,Cu64,DR_MixingChamber_Cu,delayed:Cu64:DR_MixingChamber_Cu,8.671824669136112e-05,510.99892800000003,0.0,/home/ubuntu/TES_511_Balloon/runs/step02_delayed_transport_v3p5_centerfinger_fullstat_v2/DelayedDecayRPIPGroundStateFixed.inc1.id1.sim.gz
872798,delayed,activation,416488,Cu64,ColdPlate_MXC_50mK_SD_anchor,delayed:Cu64:ColdPlate_MXC_50mK_SD_anchor,8.671824669136112e-05,510.998922,0.0,/home/ubuntu/TES_511_Balloon/runs/step02_delayed_transport_v3p5_centerfinger_fullstat_v2/DelayedDecayRPIPGroundStateFixed.inc1.id1.sim.gz
873021,delayed,activation,417639,In112,Still_Shield_Al_side_window_side_wall_above_side_port,delayed:In112:Still_Shield_Al_side_window_side_wall_above_side_port,8.671824669136112e-05,510.99891,0.0,/home/ubuntu/TES_511_Balloon/runs/step02_delayed_transport_v3p5_centerfinger_fullstat_v2/DelayedDecayRPIPGroundStateFixed.inc1.id1.sim.gz
873691,delayed,activation,420987,Ta170,ColdPlate_MXC_50mK_SD_anchor,delayed:Ta170:ColdPlate_MXC_50mK_SD_anchor,8.671824669136112e-05,510.99884000000003,0.0,/home/ubuntu/TES_511_Balloon/runs/step02_delayed_transport_v3p5_centerfinger_fullstat_v2/DelayedDecayRPIPGroundStateFixed.inc1.id1.sim.gz
875470,delayed,activation,430130,Cs130,ColdPlate_MXC_50mK_SD_anchor,delayed:Cs130:ColdPlate_MXC_50mK_SD_anchor,8.671824669136112e-05,510.99892000000006,0.0,/home/ubuntu/TES_511_Balloon/runs/step02_delayed_transport_v3p5_centerfinger_fullstat_v2/DelayedDecayRPIPGroundStateFixed.inc1.id1.sim.gz
876091,delayed,activation,433280,Xe123,ColdPlate_MXC_50mK_SD_anchor,delayed:Xe123:ColdPlate_MXC_50mK_SD_anchor,8.671824669136112e-05,510.99890000000005,0.0,/home/ubuntu/TES_511_Balloon/runs/step02_delayed_transport_v3p5_centerfinger_fullstat_v2/DelayedDecayRPIPGroundStateFixed.inc1.id1.sim.gz
876159,delayed,activation,433590,F18,Cu_SubstrateSupport_SolidDisk_L0_deepest,delayed:F18:Cu_SubstrateSupport_SolidDisk_L0_deepest,8.671824669136112e-05,510.998882,0.0,/home/ubuntu/TES_511_Balloon/runs/step02_delayed_transport_v3p5_centerfinger_fullstat_v2/DelayedDecayRPIPGroundStateFixed.inc1.id1.sim.gz
876922,delayed,activation,437478,Cu64,ColdPlate_MXC_50mK_SD_anchor,delayed:Cu64:ColdPlate_MXC_50mK_SD_anchor,8.671824669136112e-05,510.99893999999995,0.0,/home/ubuntu/TES_511_Balloon/runs/step02_delayed_transport_v3p5_centerfinger_fullstat_v2/DelayedDecayRPIPGroundStateFixed.inc1.id1.sim.gz
877975,delayed,activation,442513,Cu64,Cu_SubstrateSupport_SolidDisk_L0_deepest,delayed:Cu64:Cu_SubstrateSupport_SolidDisk_L0_deepest,8.671824669136112e-05,510.99890500000004,0.0,/home/ubuntu/TES_511_Balloon/runs/step02_delayed_transport_v3p5_centerfinger_fullstat_v2/DelayedDecayRPIPGroundStateFixed.inc1.id1.sim.gz
878507,delayed,activation,445163,F18,Cu_SubstrateSupport_SolidDisk_L0_deepest,delayed:F18:Cu_SubstrateSupport_SolidDisk_L0_deepest,8.671824669136112e-05,510.99895,0.0,/home/ubuntu/TES_511_Balloon/runs/step02_delayed_transport_v3p5_centerfinger_fullstat_v2/DelayedDecayRPIPGroundStateFixed.inc1.id1.sim.gz
879382,delayed,activation,449446,Cu62,DR_MixingChamber_Cu,delayed:Cu62:DR_MixingChamber_Cu,8.671824669136112e-05,510.9989,0.0,/home/ubuntu/TES_511_Balloon/runs/step02_delayed_transport_v3p5_centerfinger_fullstat_v2/DelayedDecayRPIPGroundStateFixed.inc1.id1.sim.gz
880440,delayed,activation,454885,Cu64,ColdPlate_MXC_50mK_SD_anchor,delayed:Cu64:ColdPlate_MXC_50mK_SD_anchor,8.671824669136112e-05,510.9989,0.0,/home/ubuntu/TES_511_Balloon/runs/step02_delayed_transport_v3p5_centerfinger_fullstat_v2/DelayedDecayRPIPGroundStateFixed.inc1.id1.sim.gz
881967,delayed,activation,462761,Xe123,Cu_SubstrateSupport_SolidDisk_L0_deepest,delayed:Xe123:Cu_SubstrateSupport_SolidDisk_L0_deepest,8.671824669136112e-05,510.99887999999993,0.0,/home/ubuntu/TES_511_Balloon/runs/step02_delayed_transport_v3p5_centerfinger_fullstat_v2/DelayedDecayRPIPGroundStateFixed.inc1.id1.sim.gz
882215,delayed,activation,463981,I120,ColdPlate_CP_100mK_intercept,delayed:I120:ColdPlate_CP_100mK_intercept,8.671824669136112e-05,510.99895000000004,0.0,/home/ubuntu/TES_511_Balloon/runs/step02_delayed_transport_v3p5_centerfinger_fullstat_v2/DelayedDecayRPIPGroundStateFixed.inc1.id1.sim.gz
882300,delayed,activation,464345,Cu64,ColdPlate_MXC_50mK_SD_anchor,delayed:Cu64:ColdPlate_MXC_50mK_SD_anchor,8.671824669136112e-05,510.99890000000005,0.0,/home/ubuntu/TES_511_Balloon/runs/step02_delayed_transport_v3p5_centerfinger_fullstat_v2/DelayedDecayRPIPGroundStateFixed.inc1.id1.sim.gz
882983,delayed,activation,467735,Cu64,Cu_SubstrateSupport_SolidDisk_L0_deepest,delayed:Cu64:Cu_SubstrateSupport_SolidDisk_L0_deepest,8.671824669136112e-05,510.9989189999999,0.0,/home/ubuntu/TES_511_Balloon/runs/step02_delayed_transport_v3p5_centerfinger_fullstat_v2/DelayedDecayRPIPGroundStateFixed.inc1.id1.sim.gz
883921,delayed,activation,472659,Cu64,ColdPlate_MXC_50mK_SD_anchor,delayed:Cu64:ColdPlate_MXC_50mK_SD_anchor,8.671824669136112e-05,510.99894,0.0,/home/ubuntu/TES_511_Balloon/runs/step02_delayed_transport_v3p5_centerfinger_fullstat_v2/DelayedDecayRPIPGroundStateFixed.inc1.id1.sim.gz
884272,delayed,activation,474458,I128,ColdPlate_MXC_50mK_SD_anchor,delayed:I128:ColdPlate_MXC_50mK_SD_anchor,8.671824669136112e-05,511.04157712499995,0.0,/home/ubuntu/TES_511_Balloon/runs/step02_delayed_transport_v3p5_centerfinger_fullstat_v2/DelayedDecayRPIPGroundStateFixed.inc1.id1.sim.gz
886655,delayed,activation,486185,Cu64,ColdPlate_MXC_50mK_SD_anchor,delayed:Cu64:ColdPlate_MXC_50mK_SD_anchor,8.671824669136112e-05,510.99895,0.0,/home/ubuntu/TES_511_Balloon/runs/step02_delayed_transport_v3p5_centerfinger_fullstat_v2/DelayedDecayRPIPGroundStateFixed.inc1.id1.sim.gz
887138,delayed,activation,488570,I122,ColdPlate_MXC_50mK_SD_anchor,delayed:I122:ColdPlate_MXC_50mK_SD_anchor,8.671824669136112e-05,510.99890000000005,0.0,/home/ubuntu/TES_511_Balloon/runs/step02_delayed_transport_v3p5_centerfinger_fullstat_v2/DelayedDecayRPIPGroundStateFixed.inc1.id1.sim.gz
891639,delayed,activation,510961,Al28,Cu_SubstrateSupport_SolidDisk_L0_deepest,delayed:Al28:Cu_SubstrateSupport_SolidDisk_L0_deepest,8.671824669136112e-05,510.99890600000003,0.0,/home/ubuntu/TES_511_Balloon/runs/step02_delayed_transport_v3p5_centerfinger_fullstat_v2/DelayedDecayRPIPGroundStateFixed.inc1.id1.sim.gz
892112,delayed,activation,513387,Cu64,ColdPlate_CP_100mK_intercept,delayed:Cu64:ColdPlate_CP_100mK_intercept,8.671824669136112e-05,510.99891,0.0,/home/ubuntu/TES_511_Balloon/runs/step02_delayed_transport_v3p5_centerfinger_fullstat_v2/DelayedDecayRPIPGroundStateFixed.inc1.id1.sim.gz
892364,delayed,activation,514607,Cu64,DR_MixingChamber_Cu,delayed:Cu64:DR_MixingChamber_Cu,8.671824669136112e-05,510.99890100000005,0.0,/home/ubuntu/TES_511_Balloon/runs/step02_delayed_transport_v3p5_centerfinger_fullstat_v2/DelayedDecayRPIPGroundStateFixed.inc1.id1.sim.gz
894307,delayed,activation,524386,Cu64,Still_Shield_Al_side_window_side_wall_below_side_port,delayed:Cu64:Still_Shield_Al_side_window_side_wall_below_side_port,8.671824669136112e-05,510.998916,0.0,/home/ubuntu/TES_511_Balloon/runs/step02_delayed_transport_v3p5_centerfinger_fullstat_v2/DelayedDecayRPIPGroundStateFixed.inc1.id1.sim.gz
894326,delayed,activation,524467,Cu64,Cu_SubstrateSupport_SolidDisk_L0_deepest,delayed:Cu64:Cu_SubstrateSupport_SolidDisk_L0_deepest,8.671824669136112e-05,510.998881,0.0,/home/ubuntu/TES_511_Balloon/runs/step02_delayed_transport_v3p5_centerfinger_fullstat_v2/DelayedDecayRPIPGroundStateFixed.inc1.id1.sim.gz
895406,delayed,activation,529891,I128,ColdPlate_MXC_50mK_SD_anchor,delayed:I128:ColdPlate_MXC_50mK_SD_anchor,8.671824669136112e-05,511.26334199800004,0.0,/home/ubuntu/TES_511_Balloon/runs/step02_delayed_transport_v3p5_centerfinger_fullstat_v2/DelayedDecayRPIPGroundStateFixed.inc1.id1.sim.gz
896458,delayed,activation,535317,Cu62,ColdPlate_MXC_50mK_SD_anchor,delayed:Cu62:ColdPlate_MXC_50mK_SD_anchor,8.671824669136112e-05,510.99886000000004,0.0,/home/ubuntu/TES_511_Balloon/runs/step02_delayed_transport_v3p5_centerfinger_fullstat_v2/DelayedDecayRPIPGroundStateFixed.inc1.id1.sim.gz
896847,delayed,activation,537200,Cu62,DR_MixingChamber_Cu,delayed:Cu62:DR_MixingChamber_Cu,8.671824669136112e-05,510.99890300000004,0.0,/home/ubuntu/TES_511_Balloon/runs/step02_delayed_transport_v3p5_centerfinger_fullstat_v2/DelayedDecayRPIPGroundStateFixed.inc1.id1.sim.gz
898369,delayed,activation,544860,Cs128,ColdPlate_CP_100mK_intercept,delayed:Cs128:ColdPlate_CP_100mK_intercept,8.671824669136112e-05,510.998951,0.0,/home/ubuntu/TES_511_Balloon/runs/step02_delayed_transport_v3p5_centerfinger_fullstat_v2/DelayedDecayRPIPGroundStateFixed.inc1.id1.sim.gz
898666,delayed,activation,546383,Cu64,ColdPlate_MXC_50mK_SD_anchor,delayed:Cu64:ColdPlate_MXC_50mK_SD_anchor,8.671824669136112e-05,510.998853,0.0,/home/ubuntu/TES_511_Balloon/runs/step02_delayed_transport_v3p5_centerfinger_fullstat_v2/DelayedDecayRPIPGroundStateFixed.inc1.id1.sim.gz
899290,delayed,activation,549714,Cs130,Cu_SubstrateSupport_SolidDisk_L0_deepest,delayed:Cs130:Cu_SubstrateSupport_SolidDisk_L0_deepest,8.671824669136112e-05,510.99888,24.861849999999997,/home/ubuntu/TES_511_Balloon/runs/step02_delayed_transport_v3p5_centerfinger_fullstat_v2/DelayedDecayRPIPGroundStateFixed.inc1.id1.sim.gz
900526,delayed,activation,556135,Cs130,Still_Shield_Al_side_window_side_wall_below_side_port,delayed:Cs130:Still_Shield_Al_side_window_side_wall_below_side_port,8.671824669136112e-05,510.9989099999999,0.0,/home/ubuntu/TES_511_Balloon/runs/step02_delayed_transport_v3p5_centerfinger_fullstat_v2/DelayedDecayRPIPGroundStateFixed.inc1.id1.sim.gz
900882,delayed,activation,557916,Al28,ColdPlate_MXC_50mK_SD_anchor,delayed:Al28:ColdPlate_MXC_50mK_SD_anchor,8.671824669136112e-05,510.998856,0.0,/home/ubuntu/TES_511_Balloon/runs/step02_delayed_transport_v3p5_centerfinger_fullstat_v2/DelayedDecayRPIPGroundStateFixed.inc1.id1.sim.gz
901055,delayed,activation,558811,I128,ColdPlate_MXC_50mK_SD_anchor,delayed:I128:ColdPlate_MXC_50mK_SD_anchor,8.671824669136112e-05,510.9483906669999,0.0,/home/ubuntu/TES_511_Balloon/runs/step02_delayed_transport_v3p5_centerfinger_fullstat_v2/DelayedDecayRPIPGroundStateFixed.inc1.id1.sim.gz
901906,delayed,activation,563201,Cs130,Shield_4K_Al_side_window_side_wall_below_side_port,delayed:Cs130:Shield_4K_Al_side_window_side_wall_below_side_port,8.671824669136112e-05,510.99887,0.0,/home/ubuntu/TES_511_Balloon/runs/step02_delayed_transport_v3p5_centerfinger_fullstat_v2/DelayedDecayRPIPGroundStateFixed.inc1.id1.sim.gz
907056,delayed,activation,588457,I122,DR_MixingChamber_Cu,delayed:I122:DR_MixingChamber_Cu,8.671824669136112e-05,510.9989,0.0,/home/ubuntu/TES_511_Balloon/runs/step02_delayed_transport_v3p5_centerfinger_fullstat_v2/DelayedDecayRPIPGroundStateFixed.inc1.id1.sim.gz
908544,delayed,activation,595881,I122,Cu_SubstrateSupport_SolidDisk_L0_deepest,delayed:I122:Cu_SubstrateSupport_SolidDisk_L0_deepest,8.671824669136112e-05,510.99893000000003,0.0,/home/ubuntu/TES_511_Balloon/runs/step02_delayed_transport_v3p5_centerfinger_fullstat_v2/DelayedDecayRPIPGroundStateFixed.inc1.id1.sim.gz
915490,delayed,activation,630593,Sb118,Cu_SubstrateSupport_SolidDisk_L0_deepest,delayed:Sb118:Cu_SubstrateSupport_SolidDisk_L0_deepest,8.671824669136112e-05,510.99892,0.0,/home/ubuntu/TES_511_Balloon/runs/step02_delayed_transport_v3p5_centerfinger_fullstat_v2/DelayedDecayRPIPGroundStateFixed.inc1.id1.sim.gz
916830,delayed,activation,637163,Cu64,ColdPlate_MXC_50mK_SD_anchor,delayed:Cu64:ColdPlate_MXC_50mK_SD_anchor,8.671824669136112e-05,510.99889999999994,0.0,/home/ubuntu/TES_511_Balloon/runs/step02_delayed_transport_v3p5_centerfinger_fullstat_v2/DelayedDecayRPIPGroundStateFixed.inc1.id1.sim.gz
918170,delayed,activation,643853,Cu64,ColdPlate_MXC_50mK_SD_anchor,delayed:Cu64:ColdPlate_MXC_50mK_SD_anchor,8.671824669136112e-05,510.9989,0.0,/home/ubuntu/TES_511_Balloon/runs/step02_delayed_transport_v3p5_centerfinger_fullstat_v2/DelayedDecayRPIPGroundStateFixed.inc1.id1.sim.gz
918177,delayed,activation,643887,Cu64,ColdPlate_MXC_50mK_SD_anchor,delayed:Cu64:ColdPlate_MXC_50mK_SD_anchor,8.671824669136112e-05,510.9989,0.0,/home/ubuntu/TES_511_Balloon/runs/step02_delayed_transport_v3p5_centerfinger_fullstat_v2/DelayedDecayRPIPGroundStateFixed.inc1.id1.sim.gz
918452,delayed,activation,645203,Cu64,Cu_SubstrateSupport_SolidDisk_L0_deepest,delayed:Cu64:Cu_SubstrateSupport_SolidDisk_L0_deepest,8.671824669136112e-05,510.99891253000015,0.0,/home/ubuntu/TES_511_Balloon/runs/step02_delayed_transport_v3p5_centerfinger_fullstat_v2/DelayedDecayRPIPGroundStateFixed.inc1.id1.sim.gz
919256,delayed,activation,649237,I122,DR_MixingChamber_Cu,delayed:I122:DR_MixingChamber_Cu,8.671824669136112e-05,510.998886,0.0,/home/ubuntu/TES_511_Balloon/runs/step02_delayed_transport_v3p5_centerfinger_fullstat_v2/DelayedDecayRPIPGroundStateFixed.inc1.id1.sim.gz
923139,delayed,activation,668289,Cu64,ColdPlate_CP_100mK_intercept,delayed:Cu64:ColdPlate_CP_100mK_intercept,8.671824669136112e-05,510.99884,0.0,/home/ubuntu/TES_511_Balloon/runs/step02_delayed_transport_v3p5_centerfinger_fullstat_v2/DelayedDecayRPIPGroundStateFixed.inc1.id1.sim.gz
925388,delayed,activation,679499,Cu64,Cu_SubstrateSupport_SolidDisk_L0_deepest,delayed:Cu64:Cu_SubstrateSupport_SolidDisk_L0_deepest,8.671824669136112e-05,510.99890000000005,0.0,/home/ubuntu/TES_511_Balloon/runs/step02_delayed_transport_v3p5_centerfinger_fullstat_v2/DelayedDecayRPIPGroundStateFixed.inc1.id1.sim.gz
927529,delayed,activation,690166,Cu64,ColdPlate_MXC_50mK_SD_anchor,delayed:Cu64:ColdPlate_MXC_50mK_SD_anchor,8.671824669136112e-05,510.99890000000005,0.0,/home/ubuntu/TES_511_Balloon/runs/step02_delayed_transport_v3p5_centerfinger_fullstat_v2/DelayedDecayRPIPGroundStateFixed.inc1.id1.sim.gz
930286,delayed,activation,704020,Cs128,Cu_SubstrateSupport_SolidDisk_L0_deepest,delayed:Cs128:Cu_SubstrateSupport_SolidDisk_L0_deepest,8.671824669136112e-05,510.99890000000005,0.0,/home/ubuntu/TES_511_Balloon/runs/step02_delayed_transport_v3p5_centerfinger_fullstat_v2/DelayedDecayRPIPGroundStateFixed.inc1.id1.sim.gz
932438,delayed,activation,715022,Cu62,ColdPlate_MXC_50mK_SD_anchor,delayed:Cu62:ColdPlate_MXC_50mK_SD_anchor,8.671824669136112e-05,510.9989288,0.0,/home/ubuntu/TES_511_Balloon/runs/step02_delayed_transport_v3p5_centerfinger_fullstat_v2/DelayedDecayRPIPGroundStateFixed.inc1.id1.sim.gz
932554,delayed,activation,715638,F18,ColdPlate_CP_100mK_intercept,delayed:F18:ColdPlate_CP_100mK_intercept,8.671824669136112e-05,510.999,0.0,/home/ubuntu/TES_511_Balloon/runs/step02_delayed_transport_v3p5_centerfinger_fullstat_v2/DelayedDecayRPIPGroundStateFixed.inc1.id1.sim.gz
932692,delayed,activation,716315,Cu62,ColdPlate_MXC_50mK_SD_anchor,delayed:Cu62:ColdPlate_MXC_50mK_SD_anchor,8.671824669136112e-05,510.99885000000006,0.0,/home/ubuntu/TES_511_Balloon/runs/step02_delayed_transport_v3p5_centerfinger_fullstat_v2/DelayedDecayRPIPGroundStateFixed.inc1.id1.sim.gz
933537,delayed,activation,720549,Cu64,ColdPlate_MXC_50mK_SD_anchor,delayed:Cu64:ColdPlate_MXC_50mK_SD_anchor,8.671824669136112e-05,510.998909,0.0,/home/ubuntu/TES_511_Balloon/runs/step02_delayed_transport_v3p5_centerfinger_fullstat_v2/DelayedDecayRPIPGroundStateFixed.inc1.id1.sim.gz
935281,delayed,activation,729215,Cu64,DR_MixingChamber_Cu,delayed:Cu64:DR_MixingChamber_Cu,8.671824669136112e-05,510.99895847199997,0.0,/home/ubuntu/TES_511_Balloon/runs/step02_delayed_transport_v3p5_centerfinger_fullstat_v2/DelayedDecayRPIPGroundStateFixed.inc1.id1.sim.gz
935355,delayed,activation,729621,Cu64,ColdPlate_MXC_50mK_SD_anchor,delayed:Cu64:ColdPlate_MXC_50mK_SD_anchor,8.671824669136112e-05,510.9989,0.0,/home/ubuntu/TES_511_Balloon/runs/step02_delayed_transport_v3p5_centerfinger_fullstat_v2/DelayedDecayRPIPGroundStateFixed.inc1.id1.sim.gz
935445,delayed,activation,730030,Cu64,ColdPlate_CP_100mK_intercept,delayed:Cu64:ColdPlate_CP_100mK_intercept,8.671824669136112e-05,510.99894,0.0,/home/ubuntu/TES_511_Balloon/runs/step02_delayed_transport_v3p5_centerfinger_fullstat_v2/DelayedDecayRPIPGroundStateFixed.inc1.id1.sim.gz
939312,delayed,activation,749392,Cu62,ColdPlate_MXC_50mK_SD_anchor,delayed:Cu62:ColdPlate_MXC_50mK_SD_anchor,8.671824669136112e-05,510.998931,0.0,/home/ubuntu/TES_511_Balloon/runs/step02_delayed_transport_v3p5_centerfinger_fullstat_v2/DelayedDecayRPIPGroundStateFixed.inc1.id1.sim.gz
940359,delayed,activation,754647,I121,Cu_SubstrateSupport_SolidDisk_L0_deepest,delayed:I121:Cu_SubstrateSupport_SolidDisk_L0_deepest,8.671824669136112e-05,510.99890000000005,0.0,/home/ubuntu/TES_511_Balloon/runs/step02_delayed_transport_v3p5_centerfinger_fullstat_v2/DelayedDecayRPIPGroundStateFixed.inc1.id1.sim.gz
943155,delayed,activation,768829,Cu64,Cu_SubstrateSupport_SolidDisk_L0_deepest,delayed:Cu64:Cu_SubstrateSupport_SolidDisk_L0_deepest,8.671824669136112e-05,510.99886143647007,0.0,/home/ubuntu/TES_511_Balloon/runs/step02_delayed_transport_v3p5_centerfinger_fullstat_v2/DelayedDecayRPIPGroundStateFixed.inc1.id1.sim.gz
943263,delayed,activation,769380,Sb120,Cu_SubstrateSupport_SolidDisk_L0_deepest,delayed:Sb120:Cu_SubstrateSupport_SolidDisk_L0_deepest,8.671824669136112e-05,510.9989,0.0,/home/ubuntu/TES_511_Balloon/runs/step02_delayed_transport_v3p5_centerfinger_fullstat_v2/DelayedDecayRPIPGroundStateFixed.inc1.id1.sim.gz
943646,delayed,activation,771340,Cu64,Cu_SubstrateSupport_SolidDisk_L0_deepest,delayed:Cu64:Cu_SubstrateSupport_SolidDisk_L0_deepest,8.671824669136112e-05,510.99891,0.0,/home/ubuntu/TES_511_Balloon/runs/step02_delayed_transport_v3p5_centerfinger_fullstat_v2/DelayedDecayRPIPGroundStateFixed.inc1.id1.sim.gz
948849,delayed,activation,796779,Cu64,Shield_60K_Al_side_window_side_wall_above_side_port,delayed:Cu64:Shield_60K_Al_side_window_side_wall_above_side_port,8.671824669136112e-05,510.99891,0.0,/home/ubuntu/TES_511_Balloon/runs/step02_delayed_transport_v3p5_centerfinger_fullstat_v2/DelayedDecayRPIPGroundStateFixed.inc1.id1.sim.gz
952146,delayed,activation,813027,Cu64,Shield_4K_Al_side_window_side_wall_above_side_port,delayed:Cu64:Shield_4K_Al_side_window_side_wall_above_side_port,8.671824669136112e-05,510.99890000000005,0.0,/home/ubuntu/TES_511_Balloon/runs/step02_delayed_transport_v3p5_centerfinger_fullstat_v2/DelayedDecayRPIPGroundStateFixed.inc1.id1.sim.gz
953192,delayed,activation,818178,Cu64,Cu_SubstrateSupport_SolidDisk_L0_deepest,delayed:Cu64:Cu_SubstrateSupport_SolidDisk_L0_deepest,8.671824669136112e-05,510.99896,0.0,/home/ubuntu/TES_511_Balloon/runs/step02_delayed_transport_v3p5_centerfinger_fullstat_v2/DelayedDecayRPIPGroundStateFixed.inc1.id1.sim.gz
955315,delayed,activation,828860,Cu64,ColdPlate_MXC_50mK_SD_anchor,delayed:Cu64:ColdPlate_MXC_50mK_SD_anchor,8.671824669136112e-05,510.9989,0.0,/home/ubuntu/TES_511_Balloon/runs/step02_delayed_transport_v3p5_centerfinger_fullstat_v2/DelayedDecayRPIPGroundStateFixed.inc1.id1.sim.gz
956678,delayed,activation,835596,Cu64,Cu_SubstrateSupport_SolidDisk_L0_deepest,delayed:Cu64:Cu_SubstrateSupport_SolidDisk_L0_deepest,8.671824669136112e-05,510.998961,0.0,/home/ubuntu/TES_511_Balloon/runs/step02_delayed_transport_v3p5_centerfinger_fullstat_v2/DelayedDecayRPIPGroundStateFixed.inc1.id1.sim.gz
957173,delayed,activation,837999,Te119,ColdPlate_MXC_50mK_SD_anchor,delayed:Te119:ColdPlate_MXC_50mK_SD_anchor,8.671824669136112e-05,510.99889699999994,0.0,/home/ubuntu/TES_511_Balloon/runs/step02_delayed_transport_v3p5_centerfinger_fullstat_v2/DelayedDecayRPIPGroundStateFixed.inc1.id1.sim.gz
958606,delayed,activation,845270,Cu62,DR_MixingChamber_Cu,delayed:Cu62:DR_MixingChamber_Cu,8.671824669136112e-05,510.99888100000004,0.0,/home/ubuntu/TES_511_Balloon/runs/step02_delayed_transport_v3p5_centerfinger_fullstat_v2/DelayedDecayRPIPGroundStateFixed.inc1.id1.sim.gz
959326,delayed,activation,848988,Na24,ColdPlate_MXC_50mK_SD_anchor,delayed:Na24:ColdPlate_MXC_50mK_SD_anchor,8.671824669136112e-05,510.9989,0.0,/home/ubuntu/TES_511_Balloon/runs/step02_delayed_transport_v3p5_centerfinger_fullstat_v2/DelayedDecayRPIPGroundStateFixed.inc1.id1.sim.gz
959506,delayed,activation,849910,Cu64,ColdPlate_MXC_50mK_SD_anchor,delayed:Cu64:ColdPlate_MXC_50mK_SD_anchor,8.671824669136112e-05,510.99895,0.0,/home/ubuntu/TES_511_Balloon/runs/step02_delayed_transport_v3p5_centerfinger_fullstat_v2/DelayedDecayRPIPGroundStateFixed.inc1.id1.sim.gz
962595,delayed,activation,865450,Cs130,Cu_SubstrateSupport_SolidDisk_L0_deepest,delayed:Cs130:Cu_SubstrateSupport_SolidDisk_L0_deepest,8.671824669136112e-05,510.9988900000001,0.0,/home/ubuntu/TES_511_Balloon/runs/step02_delayed_transport_v3p5_centerfinger_fullstat_v2/DelayedDecayRPIPGroundStateFixed.inc1.id1.sim.gz
962721,delayed,activation,866042,Cs126,Cu_SubstrateSupport_SolidDisk_L0_deepest,delayed:Cs126:Cu_SubstrateSupport_SolidDisk_L0_deepest,8.671824669136112e-05,510.9989800000001,0.0,/home/ubuntu/TES_511_Balloon/runs/step02_delayed_transport_v3p5_centerfinger_fullstat_v2/DelayedDecayRPIPGroundStateFixed.inc1.id1.sim.gz
963142,delayed,activation,868217,Cu64,DR_MixingChamber_Cu,delayed:Cu64:DR_MixingChamber_Cu,8.671824669136112e-05,510.99891,0.0,/home/ubuntu/TES_511_Balloon/runs/step02_delayed_transport_v3p5_centerfinger_fullstat_v2/DelayedDecayRPIPGroundStateFixed.inc1.id1.sim.gz
963994,delayed,activation,872270,Cu64,DR_MixingChamber_Cu,delayed:Cu64:DR_MixingChamber_Cu,8.671824669136112e-05,510.99892,0.0,/home/ubuntu/TES_511_Balloon/runs/step02_delayed_transport_v3p5_centerfinger_fullstat_v2/DelayedDecayRPIPGroundStateFixed.inc1.id1.sim.gz
965778,delayed,activation,881003,I128,ColdPlate_MXC_50mK_SD_anchor,delayed:I128:ColdPlate_MXC_50mK_SD_anchor,8.671824669136112e-05,510.78268664599995,0.0,/home/ubuntu/TES_511_Balloon/runs/step02_delayed_transport_v3p5_centerfinger_fullstat_v2/DelayedDecayRPIPGroundStateFixed.inc1.id1.sim.gz
967049,delayed,activation,887338,Cu64,ColdPlate_MXC_50mK_SD_anchor,delayed:Cu64:ColdPlate_MXC_50mK_SD_anchor,8.671824669136112e-05,510.998893128,0.0,/home/ubuntu/TES_511_Balloon/runs/step02_delayed_transport_v3p5_centerfinger_fullstat_v2/DelayedDecayRPIPGroundStateFixed.inc1.id1.sim.gz
968175,delayed,activation,893128,I124,Cu_SubstrateSupport_SolidDisk_L0_deepest,delayed:I124:Cu_SubstrateSupport_SolidDisk_L0_deepest,8.671824669136112e-05,510.998951,0.0,/home/ubuntu/TES_511_Balloon/runs/step02_delayed_transport_v3p5_centerfinger_fullstat_v2/DelayedDecayRPIPGroundStateFixed.inc1.id1.sim.gz
968871,delayed,activation,896533,Cu64,ColdPlate_MXC_50mK_SD_anchor,delayed:Cu64:ColdPlate_MXC_50mK_SD_anchor,8.671824669136112e-05,510.998884,0.0,/home/ubuntu/TES_511_Balloon/runs/step02_delayed_transport_v3p5_centerfinger_fullstat_v2/DelayedDecayRPIPGroundStateFixed.inc1.id1.sim.gz
969659,delayed,activation,900340,Cu64,Cu_SubstrateSupport_SolidDisk_L0_deepest,delayed:Cu64:Cu_SubstrateSupport_SolidDisk_L0_deepest,8.671824669136112e-05,510.999,0.0,/home/ubuntu/TES_511_Balloon/runs/step02_delayed_transport_v3p5_centerfinger_fullstat_v2/DelayedDecayRPIPGroundStateFixed.inc1.id1.sim.gz
972214,delayed,activation,912633,Cu64,Cu_SubstrateSupport_SolidDisk_L0_deepest,delayed:Cu64:Cu_SubstrateSupport_SolidDisk_L0_deepest,8.671824669136112e-05,510.998866,0.0,/home/ubuntu/TES_511_Balloon/runs/step02_delayed_transport_v3p5_centerfinger_fullstat_v2/DelayedDecayRPIPGroundStateFixed.inc1.id1.sim.gz
973419,delayed,activation,918617,Cu64,Cu_SubstrateSupport_SolidDisk_L0_deepest,delayed:Cu64:Cu_SubstrateSupport_SolidDisk_L0_deepest,8.671824669136112e-05,510.999,0.0,/home/ubuntu/TES_511_Balloon/runs/step02_delayed_transport_v3p5_centerfinger_fullstat_v2/DelayedDecayRPIPGroundStateFixed.inc1.id1.sim.gz
975153,delayed,activation,927290,I122,Cu_SubstrateSupport_SolidDisk_L0_deepest,delayed:I122:Cu_SubstrateSupport_SolidDisk_L0_deepest,8.671824669136112e-05,510.99894699999993,0.0,/home/ubuntu/TES_511_Balloon/runs/step02_delayed_transport_v3p5_centerfinger_fullstat_v2/DelayedDecayRPIPGroundStateFixed.inc1.id1.sim.gz
976029,delayed,activation,931587,Cu64,Still_Shield_Al_side_window_side_wall_above_side_port,delayed:Cu64:Still_Shield_Al_side_window_side_wall_above_side_port,8.671824669136112e-05,510.99886000000004,0.0,/home/ubuntu/TES_511_Balloon/runs/step02_delayed_transport_v3p5_centerfinger_fullstat_v2/DelayedDecayRPIPGroundStateFixed.inc1.id1.sim.gz
977255,delayed,activation,937606,Cu64,Cu_SubstrateSupport_SolidDisk_L0_deepest,delayed:Cu64:Cu_SubstrateSupport_SolidDisk_L0_deepest,8.671824669136112e-05,510.99895999999995,0.0,/home/ubuntu/TES_511_Balloon/runs/step02_delayed_transport_v3p5_centerfinger_fullstat_v2/DelayedDecayRPIPGroundStateFixed.inc1.id1.sim.gz
978930,delayed,activation,945916,Cu64,DR_MixingChamber_Cu,delayed:Cu64:DR_MixingChamber_Cu,8.671824669136112e-05,510.99891,0.0,/home/ubuntu/TES_511_Balloon/runs/step02_delayed_transport_v3p5_centerfinger_fullstat_v2/DelayedDecayRPIPGroundStateFixed.inc1.id1.sim.gz
980123,delayed,activation,951890,Cu64,Still_Shield_Al_side_window_side_wall_above_side_port,delayed:Cu64:Still_Shield_Al_side_window_side_wall_above_side_port,8.671824669136112e-05,510.99891260000004,0.0,/home/ubuntu/TES_511_Balloon/runs/step02_delayed_transport_v3p5_centerfinger_fullstat_v2/DelayedDecayRPIPGroundStateFixed.inc1.id1.sim.gz
980523,delayed,activation,953957,Cu64,Shield_4K_Al_side_window_side_wall_above_side_port,delayed:Cu64:Shield_4K_Al_side_window_side_wall_above_side_port,8.671824669136112e-05,510.99890700000003,0.0,/home/ubuntu/TES_511_Balloon/runs/step02_delayed_transport_v3p5_centerfinger_fullstat_v2/DelayedDecayRPIPGroundStateFixed.inc1.id1.sim.gz
981006,delayed,activation,956377,I122,DR_MixingChamber_Cu,delayed:I122:DR_MixingChamber_Cu,8.671824669136112e-05,510.99893999999995,0.0,/home/ubuntu/TES_511_Balloon/runs/step02_delayed_transport_v3p5_centerfinger_fullstat_v2/DelayedDecayRPIPGroundStateFixed.inc1.id1.sim.gz
981392,delayed,activation,958242,Cu64,Shield_60K_Al_side_window_side_wall_below_side_port,delayed:Cu64:Shield_60K_Al_side_window_side_wall_below_side_port,8.671824669136112e-05,510.99885000000006,0.0,/home/ubuntu/TES_511_Balloon/runs/step02_delayed_transport_v3p5_centerfinger_fullstat_v2/DelayedDecayRPIPGroundStateFixed.inc1.id1.sim.gz
981448,delayed,activation,958534,Cu64,Cu_SubstrateSupport_SolidDisk_L0_deepest,delayed:Cu64:Cu_SubstrateSupport_SolidDisk_L0_deepest,8.671824669136112e-05,510.999,0.0,/home/ubuntu/TES_511_Balloon/runs/step02_delayed_transport_v3p5_centerfinger_fullstat_v2/DelayedDecayRPIPGroundStateFixed.inc1.id1.sim.gz
984181,delayed,activation,972036,I122,Cu_SubstrateSupport_SolidDisk_L0_deepest,delayed:I122:Cu_SubstrateSupport_SolidDisk_L0_deepest,8.671824669136112e-05,510.99890000000005,0.0,/home/ubuntu/TES_511_Balloon/runs/step02_delayed_transport_v3p5_centerfinger_fullstat_v2/DelayedDecayRPIPGroundStateFixed.inc1.id1.sim.gz
984237,delayed,activation,972329,Cs130,Cu_SubstrateSupport_SolidDisk_L0_deepest,delayed:Cs130:Cu_SubstrateSupport_SolidDisk_L0_deepest,8.671824669136112e-05,510.9989,0.0,/home/ubuntu/TES_511_Balloon/runs/step02_delayed_transport_v3p5_centerfinger_fullstat_v2/DelayedDecayRPIPGroundStateFixed.inc1.id1.sim.gz
985263,delayed,activation,977427,Cs134,Cu_SubstrateSupport_SolidDisk_L0_deepest,delayed:Cs134:Cu_SubstrateSupport_SolidDisk_L0_deepest,8.671824669136112e-05,511.4105,0.0,/home/ubuntu/TES_511_Balloon/runs/step02_delayed_transport_v3p5_centerfinger_fullstat_v2/DelayedDecayRPIPGroundStateFixed.inc1.id1.sim.gz
986864,delayed,activation,985281,Cu64,Cu_SubstrateSupport_SolidDisk_L0_deepest,delayed:Cu64:Cu_SubstrateSupport_SolidDisk_L0_deepest,8.671824669136112e-05,510.99890000000005,0.0,/home/ubuntu/TES_511_Balloon/runs/step02_delayed_transport_v3p5_centerfinger_fullstat_v2/DelayedDecayRPIPGroundStateFixed.inc1.id1.sim.gz
