component_name,particle,bin_id,direction_tag,theta_min_deg,theta_max_deg,theta_mid_deg,mu_high,mu_low,mu_mid,delta_omega_sr,black_hole_mode,energy_unit_raw,energy_unit_cosima,flux_unit_raw,integral_per_sr_cm2_s,flux_cm2_s,raw_spectrum_path,cosima_spectrum_path,source_file,expacs_lat_deg,expacs_lon_deg,expacs_altitude_km,expacs_Rc_GV,W_or_date
Atm_gamma_bin00_down,gamma,00,atm_down,0.000000,25.841933,18.194872,1.000000,0.900000,0.950000,0.6283185307,No,MeV,keV_total,cm^-2 s^-1 MeV^-1 sr^-1,6.881454414206e-02,4.323745326736e-02,expacs_fullsphere_20bin_sources/raw_expacs/spectrum_gamma_bin00_theta18.19_BHNo.dat,expacs_fullsphere_20bin_sources/cosima_spectra/gamma_bin00_theta18.19_pdf.dat,expacs_fullsphere_20bin_sources/Background_atm_fullsphere_allparticles_20bins.source,34.000000,100.000000,38.000000,11.6,2025-08-31; W=118.3
Atm_gamma_bin01_down,gamma,01,atm_down,25.841933,36.869898,31.788331,0.900000,0.800000,0.850000,0.6283185307,No,MeV,keV_total,cm^-2 s^-1 MeV^-1 sr^-1,9.065438885628e-02,5.695983240931e-02,expacs_fullsphere_20bin_sources/raw_expacs/spectrum_gamma_bin01_theta31.79_BHNo.dat,expacs_fullsphere_20bin_sources/cosima_spectra/gamma_bin01_theta31.79_pdf.dat,expacs_fullsphere_20bin_sources/Background_atm_fullsphere_allparticles_20bins.source,34.000000,100.000000,38.000000,11.6,2025-08-31; W=118.3
Atm_gamma_bin02_down,gamma,02,atm_down,36.869898,45.572996,41.409622,0.800000,0.700000,0.750000,0.6283185307,No,MeV,keV_total,cm^-2 s^-1 MeV^-1 sr^-1,1.133305026863e-01,7.120765493338e-02,expacs_fullsphere_20bin_sources/raw_expacs/spectrum_gamma_bin02_theta41.41_BHNo.dat,expacs_fullsphere_20bin_sources/cosima_spectra/gamma_bin02_theta41.41_pdf.dat,expacs_fullsphere_20bin_sources/Background_atm_fullsphere_allparticles_20bins.source,34.000000,100.000000,38.000000,11.6,2025-08-31; W=118.3
Atm_gamma_bin03_down,gamma,03,atm_down,45.572996,53.130102,49.458398,0.700000,0.600000,0.650000,0.6283185307,No,MeV,keV_total,cm^-2 s^-1 MeV^-1 sr^-1,1.370720595258e-01,8.612491504375e-02,expacs_fullsphere_20bin_sources/raw_expacs/spectrum_gamma_bin03_theta49.46_BHNo.dat,expacs_fullsphere_20bin_sources/cosima_spectra/gamma_bin03_theta49.46_pdf.dat,expacs_fullsphere_20bin_sources/Background_atm_fullsphere_allparticles_20bins.source,34.000000,100.000000,38.000000,11.6,2025-08-31; W=118.3
Atm_gamma_bin04_down,gamma,04,atm_down,53.130102,60.000000,56.632987,0.600000,0.500000,0.550000,0.6283185307,No,MeV,keV_total,cm^-2 s^-1 MeV^-1 sr^-1,1.622103834053e-01,1.019197897684e-01,expacs_fullsphere_20bin_sources/raw_expacs/spectrum_gamma_bin04_theta56.63_BHNo.dat,expacs_fullsphere_20bin_sources/cosima_spectra/gamma_bin04_theta56.63_pdf.dat,expacs_fullsphere_20bin_sources/Background_atm_fullsphere_allparticles_20bins.source,34.000000,100.000000,38.000000,11.6,2025-08-31; W=118.3
Atm_gamma_bin05_down,gamma,05,atm_down,60.000000,66.421822,63.256316,0.500000,0.400000,0.450000,0.6283185307,No,MeV,keV_total,cm^-2 s^-1 MeV^-1 sr^-1,1.892532513021e-01,1.189113247918e-01,expacs_fullsphere_20bin_sources/raw_expacs/spectrum_gamma_bin05_theta63.26_BHNo.dat,expacs_fullsphere_20bin_sources/cosima_spectra/gamma_bin05_theta63.26_pdf.dat,expacs_fullsphere_20bin_sources/Background_atm_fullsphere_allparticles_20bins.source,34.000000,100.000000,38.000000,11.6,2025-08-31; W=118.3
Atm_gamma_bin06_down,gamma,06,atm_down,66.421822,72.542397,69.512685,0.400000,0.300000,0.350000,0.6283185307,No,MeV,keV_total,cm^-2 s^-1 MeV^-1 sr^-1,2.190451814656e-01,1.376301465793e-01,expacs_fullsphere_20bin_sources/raw_expacs/spectrum_gamma_bin06_theta69.51_BHNo.dat,expacs_fullsphere_20bin_sources/cosima_spectra/gamma_bin06_theta69.51_pdf.dat,expacs_fullsphere_20bin_sources/Background_atm_fullsphere_allparticles_20bins.source,34.000000,100.000000,38.000000,11.6,2025-08-31; W=118.3
Atm_gamma_bin07_down,gamma,07,atm_down,72.542397,78.463041,75.522488,0.300000,0.200000,0.250000,0.6283185307,No,MeV,keV_total,cm^-2 s^-1 MeV^-1 sr^-1,2.531758651329e-01,1.590750875935e-01,expacs_fullsphere_20bin_sources/raw_expacs/spectrum_gamma_bin07_theta75.52_BHNo.dat,expacs_fullsphere_20bin_sources/cosima_spectra/gamma_bin07_theta75.52_pdf.dat,expacs_fullsphere_20bin_sources/Background_atm_fullsphere_allparticles_20bins.source,34.000000,100.000000,38.000000,11.6,2025-08-31; W=118.3
Atm_gamma_bin08_down,gamma,08,atm_down,78.463041,84.260830,81.373073,0.200000,0.100000,0.150000,0.6283185307,No,MeV,keV_total,cm^-2 s^-1 MeV^-1 sr^-1,2.953507814677e-01,1.855743690582e-01,expacs_fullsphere_20bin_sources/raw_expacs/spectrum_gamma_bin08_theta81.37_BHNo.dat,expacs_fullsphere_20bin_sources/cosima_spectra/gamma_bin08_theta81.37_pdf.dat,expacs_fullsphere_20bin_sources/Background_atm_fullsphere_allparticles_20bins.source,34.000000,100.000000,38.000000,11.6,2025-08-31; W=118.3
Atm_gamma_bin09_down,gamma,09,atm_down,84.260830,90.000000,87.134016,0.100000,0.000000,0.050000,0.6283185307,No,MeV,keV_total,cm^-2 s^-1 MeV^-1 sr^-1,3.598666322402e-01,2.261108736236e-01,expacs_fullsphere_20bin_sources/raw_expacs/spectrum_gamma_bin09_theta87.13_BHNo.dat,expacs_fullsphere_20bin_sources/cosima_spectra/gamma_bin09_theta87.13_pdf.dat,expacs_fullsphere_20bin_sources/Background_atm_fullsphere_allparticles_20bins.source,34.000000,100.000000,38.000000,11.6,2025-08-31; W=118.3
Atm_gamma_bin10_up,gamma,10,atm_up_albedo_like,90.000000,95.739170,92.865984,0.000000,-0.100000,-0.050000,0.6283185307,No,MeV,keV_total,cm^-2 s^-1 MeV^-1 sr^-1,7.404378927360e-01,4.652308488518e-01,expacs_fullsphere_20bin_sources/raw_expacs/spectrum_gamma_bin10_theta92.87_BHNo.dat,expacs_fullsphere_20bin_sources/cosima_spectra/gamma_bin10_theta92.87_pdf.dat,expacs_fullsphere_20bin_sources/Background_atm_fullsphere_allparticles_20bins.source,34.000000,100.000000,38.000000,11.6,2025-08-31; W=118.3
Atm_gamma_bin11_up,gamma,11,atm_up_albedo_like,95.739170,101.536959,98.626927,-0.100000,-0.200000,-0.150000,0.6283185307,No,MeV,keV_total,cm^-2 s^-1 MeV^-1 sr^-1,6.637046959063e-01,4.170179593624e-01,expacs_fullsphere_20bin_sources/raw_expacs/spectrum_gamma_bin11_theta98.63_BHNo.dat,expacs_fullsphere_20bin_sources/cosima_spectra/gamma_bin11_theta98.63_pdf.dat,expacs_fullsphere_20bin_sources/Background_atm_fullsphere_allparticles_20bins.source,34.000000,100.000000,38.000000,11.6,2025-08-31; W=118.3
Atm_gamma_bin12_up,gamma,12,atm_up_albedo_like,101.536959,107.457603,104.477512,-0.200000,-0.300000,-0.250000,0.6283185307,No,MeV,keV_total,cm^-2 s^-1 MeV^-1 sr^-1,6.200654473285e-01,3.895986108144e-01,expacs_fullsphere_20bin_sources/raw_expacs/spectrum_gamma_bin12_theta104.48_BHNo.dat,expacs_fullsphere_20bin_sources/cosima_spectra/gamma_bin12_theta104.48_pdf.dat,expacs_fullsphere_20bin_sources/Background_atm_fullsphere_allparticles_20bins.source,34.000000,100.000000,38.000000,11.6,2025-08-31; W=118.3
Atm_gamma_bin13_up,gamma,13,atm_up_albedo_like,107.457603,113.578178,110.487315,-0.300000,-0.400000,-0.350000,0.6283185307,No,MeV,keV_total,cm^-2 s^-1 MeV^-1 sr^-1,5.885450647189e-01,3.697937703255e-01,expacs_fullsphere_20bin_sources/raw_expacs/spectrum_gamma_bin13_theta110.49_BHNo.dat,expacs_fullsphere_20bin_sources/cosima_spectra/gamma_bin13_theta110.49_pdf.dat,expacs_fullsphere_20bin_sources/Background_atm_fullsphere_allparticles_20bins.source,34.000000,100.000000,38.000000,11.6,2025-08-31; W=118.3
Atm_gamma_bin14_up,gamma,14,atm_up_albedo_like,113.578178,120.000000,116.743684,-0.400000,-0.500000,-0.450000,0.6283185307,No,MeV,keV_total,cm^-2 s^-1 MeV^-1 sr^-1,5.638182634444e-01,3.542574628794e-01,expacs_fullsphere_20bin_sources/raw_expacs/spectrum_gamma_bin14_theta116.74_BHNo.dat,expacs_fullsphere_20bin_sources/cosima_spectra/gamma_bin14_theta116.74_pdf.dat,expacs_fullsphere_20bin_sources/Background_atm_fullsphere_allparticles_20bins.source,34.000000,100.000000,38.000000,11.6,2025-08-31; W=118.3
Atm_gamma_bin15_up,gamma,15,atm_up_albedo_like,120.000000,126.869898,123.367013,-0.500000,-0.600000,-0.550000,0.6283185307,No,MeV,keV_total,cm^-2 s^-1 MeV^-1 sr^-1,5.436232203254e-01,3.415685430590e-01,expacs_fullsphere_20bin_sources/raw_expacs/spectrum_gamma_bin15_theta123.37_BHNo.dat,expacs_fullsphere_20bin_sources/cosima_spectra/gamma_bin15_theta123.37_pdf.dat,expacs_fullsphere_20bin_sources/Background_atm_fullsphere_allparticles_20bins.source,34.000000,100.000000,38.000000,11.6,2025-08-31; W=118.3
Atm_gamma_bin16_up,gamma,16,atm_up_albedo_like,126.869898,134.427004,130.541602,-0.600000,-0.700000,-0.650000,0.6283185307,No,MeV,keV_total,cm^-2 s^-1 MeV^-1 sr^-1,5.267651324799e-01,3.309762940732e-01,expacs_fullsphere_20bin_sources/raw_expacs/spectrum_gamma_bin16_theta130.54_BHNo.dat,expacs_fullsphere_20bin_sources/cosima_spectra/gamma_bin16_theta130.54_pdf.dat,expacs_fullsphere_20bin_sources/Background_atm_fullsphere_allparticles_20bins.source,34.000000,100.000000,38.000000,11.6,2025-08-31; W=118.3
Atm_gamma_bin17_up,gamma,17,atm_up_albedo_like,134.427004,143.130102,138.590378,-0.700000,-0.800000,-0.750000,0.6283185307,No,MeV,keV_total,cm^-2 s^-1 MeV^-1 sr^-1,5.125278296904e-01,3.220307329032e-01,expacs_fullsphere_20bin_sources/raw_expacs/spectrum_gamma_bin17_theta138.59_BHNo.dat,expacs_fullsphere_20bin_sources/cosima_spectra/gamma_bin17_theta138.59_pdf.dat,expacs_fullsphere_20bin_sources/Background_atm_fullsphere_allparticles_20bins.source,34.000000,100.000000,38.000000,11.6,2025-08-31; W=118.3
Atm_gamma_bin18_up,gamma,18,atm_up_albedo_like,143.130102,154.158067,148.211669,-0.800000,-0.900000,-0.850000,0.6283185307,No,MeV,keV_total,cm^-2 s^-1 MeV^-1 sr^-1,5.004446529640e-01,3.144386490560e-01,expacs_fullsphere_20bin_sources/raw_expacs/spectrum_gamma_bin18_theta148.21_BHNo.dat,expacs_fullsphere_20bin_sources/cosima_spectra/gamma_bin18_theta148.21_pdf.dat,expacs_fullsphere_20bin_sources/Background_atm_fullsphere_allparticles_20bins.source,34.000000,100.000000,38.000000,11.6,2025-08-31; W=118.3
Atm_gamma_bin19_up,gamma,19,atm_up_albedo_like,154.158067,180.000000,161.805128,-0.900000,-1.000000,-0.950000,0.6283185307,No,MeV,keV_total,cm^-2 s^-1 MeV^-1 sr^-1,4.901928629095e-01,3.079972593917e-01,expacs_fullsphere_20bin_sources/raw_expacs/spectrum_gamma_bin19_theta161.81_BHNo.dat,expacs_fullsphere_20bin_sources/cosima_spectra/gamma_bin19_theta161.81_pdf.dat,expacs_fullsphere_20bin_sources/Background_atm_fullsphere_allparticles_20bins.source,34.000000,100.000000,38.000000,11.6,2025-08-31; W=118.3
Atm_n_bin00_down,n,00,atm_down,0.000000,25.841933,18.194872,1.000000,0.900000,0.950000,0.6283185307,No,MeV,keV_total,cm^-2 s^-1 MeV^-1 sr^-1,9.735023159573e-03,6.116695448128e-03,expacs_fullsphere_20bin_sources/raw_expacs/spectrum_n_bin00_theta18.19_BHNo.dat,expacs_fullsphere_20bin_sources/cosima_spectra/n_bin00_theta18.19_pdf.dat,expacs_fullsphere_20bin_sources/Background_atm_fullsphere_allparticles_20bins.source,34.000000,100.000000,38.000000,11.6,2025-08-31; W=118.3
Atm_n_bin01_down,n,01,atm_down,25.841933,36.869898,31.788331,0.900000,0.800000,0.850000,0.6283185307,No,MeV,keV_total,cm^-2 s^-1 MeV^-1 sr^-1,1.145955121981e-02,7.200248385120e-03,expacs_fullsphere_20bin_sources/raw_expacs/spectrum_n_bin01_theta31.79_BHNo.dat,expacs_fullsphere_20bin_sources/cosima_spectra/n_bin01_theta31.79_pdf.dat,expacs_fullsphere_20bin_sources/Background_atm_fullsphere_allparticles_20bins.source,34.000000,100.000000,38.000000,11.6,2025-08-31; W=118.3
Atm_n_bin02_down,n,02,atm_down,36.869898,45.572996,41.409622,0.800000,0.700000,0.750000,0.6283185307,No,MeV,keV_total,cm^-2 s^-1 MeV^-1 sr^-1,1.328599738655e-02,8.347838357042e-03,expacs_fullsphere_20bin_sources/raw_expacs/spectrum_n_bin02_theta41.41_BHNo.dat,expacs_fullsphere_20bin_sources/cosima_spectra/n_bin02_theta41.41_pdf.dat,expacs_fullsphere_20bin_sources/Background_atm_fullsphere_allparticles_20bins.source,34.000000,100.000000,38.000000,11.6,2025-08-31; W=118.3
Atm_n_bin03_down,n,03,atm_down,45.572996,53.130102,49.458398,0.700000,0.600000,0.650000,0.6283185307,No,MeV,keV_total,cm^-2 s^-1 MeV^-1 sr^-1,1.523708484911e-02,9.573742764815e-03,expacs_fullsphere_20bin_sources/raw_expacs/spectrum_n_bin03_theta49.46_BHNo.dat,expacs_fullsphere_20bin_sources/cosima_spectra/n_bin03_theta49.46_pdf.dat,expacs_fullsphere_20bin_sources/Background_atm_fullsphere_allparticles_20bins.source,34.000000,100.000000,38.000000,11.6,2025-08-31; W=118.3
Atm_n_bin04_down,n,04,atm_down,53.130102,60.000000,56.632987,0.600000,0.500000,0.550000,0.6283185307,No,MeV,keV_total,cm^-2 s^-1 MeV^-1 sr^-1,1.734520458112e-02,1.089831345741e-02,expacs_fullsphere_20bin_sources/raw_expacs/spectrum_n_bin04_theta56.63_BHNo.dat,expacs_fullsphere_20bin_sources/cosima_spectra/n_bin04_theta56.63_pdf.dat,expacs_fullsphere_20bin_sources/Background_atm_fullsphere_allparticles_20bins.source,34.000000,100.000000,38.000000,11.6,2025-08-31; W=118.3
Atm_n_bin05_down,n,05,atm_down,60.000000,66.421822,63.256316,0.500000,0.400000,0.450000,0.6283185307,No,MeV,keV_total,cm^-2 s^-1 MeV^-1 sr^-1,1.965926159870e-02,1.235227836269e-02,expacs_fullsphere_20bin_sources/raw_expacs/spectrum_n_bin05_theta63.26_BHNo.dat,expacs_fullsphere_20bin_sources/cosima_spectra/n_bin05_theta63.26_pdf.dat,expacs_fullsphere_20bin_sources/Background_atm_fullsphere_allparticles_20bins.source,34.000000,100.000000,38.000000,11.6,2025-08-31; W=118.3
Atm_n_bin06_down,n,06,atm_down,66.421822,72.542397,69.512685,0.400000,0.300000,0.350000,0.6283185307,No,MeV,keV_total,cm^-2 s^-1 MeV^-1 sr^-1,2.225928092012e-02,1.398591868257e-02,expacs_fullsphere_20bin_sources/raw_expacs/spectrum_n_bin06_theta69.51_BHNo.dat,expacs_fullsphere_20bin_sources/cosima_spectra/n_bin06_theta69.51_pdf.dat,expacs_fullsphere_20bin_sources/Background_atm_fullsphere_allparticles_20bins.source,34.000000,100.000000,38.000000,11.6,2025-08-31; W=118.3
Atm_n_bin07_down,n,07,atm_down,72.542397,78.463041,75.522488,0.300000,0.200000,0.250000,0.6283185307,No,MeV,keV_total,cm^-2 s^-1 MeV^-1 sr^-1,2.529312952279e-02,1.589214197902e-02,expacs_fullsphere_20bin_sources/raw_expacs/spectrum_n_bin07_theta75.52_BHNo.dat,expacs_fullsphere_20bin_sources/cosima_spectra/n_bin07_theta75.52_pdf.dat,expacs_fullsphere_20bin_sources/Background_atm_fullsphere_allparticles_20bins.source,34.000000,100.000000,38.000000,11.6,2025-08-31; W=118.3
Atm_n_bin08_down,n,08,atm_down,78.463041,84.260830,81.373073,0.200000,0.100000,0.150000,0.6283185307,No,MeV,keV_total,cm^-2 s^-1 MeV^-1 sr^-1,2.909756686779e-02,1.828254046184e-02,expacs_fullsphere_20bin_sources/raw_expacs/spectrum_n_bin08_theta81.37_BHNo.dat,expacs_fullsphere_20bin_sources/cosima_spectra/n_bin08_theta81.37_pdf.dat,expacs_fullsphere_20bin_sources/Background_atm_fullsphere_allparticles_20bins.source,34.000000,100.000000,38.000000,11.6,2025-08-31; W=118.3
Atm_n_bin09_down,n,09,atm_down,84.260830,90.000000,87.134016,0.100000,0.000000,0.050000,0.6283185307,No,MeV,keV_total,cm^-2 s^-1 MeV^-1 sr^-1,3.492356391577e-02,2.194312236699e-02,expacs_fullsphere_20bin_sources/raw_expacs/spectrum_n_bin09_theta87.13_BHNo.dat,expacs_fullsphere_20bin_sources/cosima_spectra/n_bin09_theta87.13_pdf.dat,expacs_fullsphere_20bin_sources/Background_atm_fullsphere_allparticles_20bins.source,34.000000,100.000000,38.000000,11.6,2025-08-31; W=118.3
Atm_n_bin10_up,n,10,atm_up_albedo_like,90.000000,95.739170,92.865984,0.000000,-0.100000,-0.050000,0.6283185307,No,MeV,keV_total,cm^-2 s^-1 MeV^-1 sr^-1,5.502195021704e-02,3.457131091761e-02,expacs_fullsphere_20bin_sources/raw_expacs/spectrum_n_bin10_theta92.87_BHNo.dat,expacs_fullsphere_20bin_sources/cosima_spectra/n_bin10_theta92.87_pdf.dat,expacs_fullsphere_20bin_sources/Background_atm_fullsphere_allparticles_20bins.source,34.000000,100.000000,38.000000,11.6,2025-08-31; W=118.3
Atm_n_bin11_up,n,11,atm_up_albedo_like,95.739170,101.536959,98.626927,-0.100000,-0.200000,-0.150000,0.6283185307,No,MeV,keV_total,cm^-2 s^-1 MeV^-1 sr^-1,5.416526392635e-02,3.403303904615e-02,expacs_fullsphere_20bin_sources/raw_expacs/spectrum_n_bin11_theta98.63_BHNo.dat,expacs_fullsphere_20bin_sources/cosima_spectra/n_bin11_theta98.63_pdf.dat,expacs_fullsphere_20bin_sources/Background_atm_fullsphere_allparticles_20bins.source,34.000000,100.000000,38.000000,11.6,2025-08-31; W=118.3
Atm_n_bin12_up,n,12,atm_up_albedo_like,101.536959,107.457603,104.477512,-0.200000,-0.300000,-0.250000,0.6283185307,No,MeV,keV_total,cm^-2 s^-1 MeV^-1 sr^-1,5.379433187966e-02,3.379997556758e-02,expacs_fullsphere_20bin_sources/raw_expacs/spectrum_n_bin12_theta104.48_BHNo.dat,expacs_fullsphere_20bin_sources/cosima_spectra/n_bin12_theta104.48_pdf.dat,expacs_fullsphere_20bin_sources/Background_atm_fullsphere_allparticles_20bins.source,34.000000,100.000000,38.000000,11.6,2025-08-31; W=118.3
Atm_n_bin13_up,n,13,atm_up_albedo_like,107.457603,113.578178,110.487315,-0.300000,-0.400000,-0.350000,0.6283185307,No,MeV,keV_total,cm^-2 s^-1 MeV^-1 sr^-1,5.359130548666e-02,3.367241032263e-02,expacs_fullsphere_20bin_sources/raw_expacs/spectrum_n_bin13_theta110.49_BHNo.dat,expacs_fullsphere_20bin_sources/cosima_spectra/n_bin13_theta110.49_pdf.dat,expacs_fullsphere_20bin_sources/Background_atm_fullsphere_allparticles_20bins.source,34.000000,100.000000,38.000000,11.6,2025-08-31; W=118.3
Atm_n_bin14_up,n,14,atm_up_albedo_like,113.578178,120.000000,116.743684,-0.400000,-0.500000,-0.450000,0.6283185307,No,MeV,keV_total,cm^-2 s^-1 MeV^-1 sr^-1,5.347963733513e-02,3.360224715374e-02,expacs_fullsphere_20bin_sources/raw_expacs/spectrum_n_bin14_theta116.74_BHNo.dat,expacs_fullsphere_20bin_sources/cosima_spectra/n_bin14_theta116.74_pdf.dat,expacs_fullsphere_20bin_sources/Background_atm_fullsphere_allparticles_20bins.source,34.000000,100.000000,38.000000,11.6,2025-08-31; W=118.3
Atm_n_bin15_up,n,15,atm_up_albedo_like,120.000000,126.869898,123.367013,-0.500000,-0.600000,-0.550000,0.6283185307,No,MeV,keV_total,cm^-2 s^-1 MeV^-1 sr^-1,5.342762611270e-02,3.356956753888e-02,expacs_fullsphere_20bin_sources/raw_expacs/spectrum_n_bin15_theta123.37_BHNo.dat,expacs_fullsphere_20bin_sources/cosima_spectra/n_bin15_theta123.37_pdf.dat,expacs_fullsphere_20bin_sources/Background_atm_fullsphere_allparticles_20bins.source,34.000000,100.000000,38.000000,11.6,2025-08-31; W=118.3
Atm_n_bin16_up,n,16,atm_up_albedo_like,126.869898,134.427004,130.541602,-0.600000,-0.700000,-0.650000,0.6283185307,No,MeV,keV_total,cm^-2 s^-1 MeV^-1 sr^-1,5.341844049335e-02,3.356379604403e-02,expacs_fullsphere_20bin_sources/raw_expacs/spectrum_n_bin16_theta130.54_BHNo.dat,expacs_fullsphere_20bin_sources/cosima_spectra/n_bin16_theta130.54_pdf.dat,expacs_fullsphere_20bin_sources/Background_atm_fullsphere_allparticles_20bins.source,34.000000,100.000000,38.000000,11.6,2025-08-31; W=118.3
Atm_n_bin17_up,n,17,atm_up_albedo_like,134.427004,143.130102,138.590378,-0.700000,-0.800000,-0.750000,0.6283185307,No,MeV,keV_total,cm^-2 s^-1 MeV^-1 sr^-1,5.344138989967e-02,3.357821558128e-02,expacs_fullsphere_20bin_sources/raw_expacs/spectrum_n_bin17_theta138.59_BHNo.dat,expacs_fullsphere_20bin_sources/cosima_spectra/n_bin17_theta138.59_pdf.dat,expacs_fullsphere_20bin_sources/Background_atm_fullsphere_allparticles_20bins.source,34.000000,100.000000,38.000000,11.6,2025-08-31; W=118.3
Atm_n_bin18_up,n,18,atm_up_albedo_like,143.130102,154.158067,148.211669,-0.800000,-0.900000,-0.850000,0.6283185307,No,MeV,keV_total,cm^-2 s^-1 MeV^-1 sr^-1,5.348844020410e-02,3.360777815944e-02,expacs_fullsphere_20bin_sources/raw_expacs/spectrum_n_bin18_theta148.21_BHNo.dat,expacs_fullsphere_20bin_sources/cosima_spectra/n_bin18_theta148.21_pdf.dat,expacs_fullsphere_20bin_sources/Background_atm_fullsphere_allparticles_20bins.source,34.000000,100.000000,38.000000,11.6,2025-08-31; W=118.3
Atm_n_bin19_up,n,19,atm_up_albedo_like,154.158067,180.000000,161.805128,-0.900000,-1.000000,-0.950000,0.6283185307,No,MeV,keV_total,cm^-2 s^-1 MeV^-1 sr^-1,5.355245785002e-02,3.364800163266e-02,expacs_fullsphere_20bin_sources/raw_expacs/spectrum_n_bin19_theta161.81_BHNo.dat,expacs_fullsphere_20bin_sources/cosima_spectra/n_bin19_theta161.81_pdf.dat,expacs_fullsphere_20bin_sources/Background_atm_fullsphere_allparticles_20bins.source,34.000000,100.000000,38.000000,11.6,2025-08-31; W=118.3
Atm_p_bin00_down,p,00,atm_down,0.000000,25.841933,18.194872,1.000000,0.900000,0.950000,0.6283185307,No,MeV,keV_total,cm^-2 s^-1 MeV^-1 sr^-1,6.827592359325e-03,4.289902799552e-03,expacs_fullsphere_20bin_sources/raw_expacs/spectrum_p_bin00_theta18.19_BHNo.dat,expacs_fullsphere_20bin_sources/cosima_spectra/p_bin00_theta18.19_pdf.dat,expacs_fullsphere_20bin_sources/Background_atm_fullsphere_allparticles_20bins.source,34.000000,100.000000,38.000000,11.6,2025-08-31; W=118.3
Atm_p_bin01_down,p,01,atm_down,25.841933,36.869898,31.788331,0.900000,0.800000,0.850000,0.6283185307,No,MeV,keV_total,cm^-2 s^-1 MeV^-1 sr^-1,8.128028754441e-03,5.106991084624e-03,expacs_fullsphere_20bin_sources/raw_expacs/spectrum_p_bin01_theta31.79_BHNo.dat,expacs_fullsphere_20bin_sources/cosima_spectra/p_bin01_theta31.79_pdf.dat,expacs_fullsphere_20bin_sources/Background_atm_fullsphere_allparticles_20bins.source,34.000000,100.000000,38.000000,11.6,2025-08-31; W=118.3
Atm_p_bin02_down,p,02,atm_down,36.869898,45.572996,41.409622,0.800000,0.700000,0.750000,0.6283185307,No,MeV,keV_total,cm^-2 s^-1 MeV^-1 sr^-1,9.499240652856e-03,5.968548929939e-03,expacs_fullsphere_20bin_sources/raw_expacs/spectrum_p_bin02_theta41.41_BHNo.dat,expacs_fullsphere_20bin_sources/cosima_spectra/p_bin02_theta41.41_pdf.dat,expacs_fullsphere_20bin_sources/Background_atm_fullsphere_allparticles_20bins.source,34.000000,100.000000,38.000000,11.6,2025-08-31; W=118.3
Atm_p_bin03_down,p,03,atm_down,45.572996,53.130102,49.458398,0.700000,0.600000,0.650000,0.6283185307,No,MeV,keV_total,cm^-2 s^-1 MeV^-1 sr^-1,1.095587149978e-02,6.883777083477e-03,expacs_fullsphere_20bin_sources/raw_expacs/spectrum_p_bin03_theta49.46_BHNo.dat,expacs_fullsphere_20bin_sources/cosima_spectra/p_bin03_theta49.46_pdf.dat,expacs_fullsphere_20bin_sources/Background_atm_fullsphere_allparticles_20bins.source,34.000000,100.000000,38.000000,11.6,2025-08-31; W=118.3
Atm_p_bin04_down,p,04,atm_down,53.130102,60.000000,56.632987,0.600000,0.500000,0.550000,0.6283185307,No,MeV,keV_total,cm^-2 s^-1 MeV^-1 sr^-1,1.251850319100e-02,7.865607531759e-03,expacs_fullsphere_20bin_sources/raw_expacs/spectrum_p_bin04_theta56.63_BHNo.dat,expacs_fullsphere_20bin_sources/cosima_spectra/p_bin04_theta56.63_pdf.dat,expacs_fullsphere_20bin_sources/Background_atm_fullsphere_allparticles_20bins.source,34.000000,100.000000,38.000000,11.6,2025-08-31; W=118.3
Atm_p_bin05_down,p,05,atm_down,60.000000,66.421822,63.256316,0.500000,0.400000,0.450000,0.6283185307,No,MeV,keV_total,cm^-2 s^-1 MeV^-1 sr^-1,1.421770905066e-02,8.933250060889e-03,expacs_fullsphere_20bin_sources/raw_expacs/spectrum_p_bin05_theta63.26_BHNo.dat,expacs_fullsphere_20bin_sources/cosima_spectra/p_bin05_theta63.26_pdf.dat,expacs_fullsphere_20bin_sources/Background_atm_fullsphere_allparticles_20bins.source,34.000000,100.000000,38.000000,11.6,2025-08-31; W=118.3
Atm_p_bin06_down,p,06,atm_down,66.421822,72.542397,69.512685,0.400000,0.300000,0.350000,0.6283185307,No,MeV,keV_total,cm^-2 s^-1 MeV^-1 sr^-1,1.610255765827e-02,1.011753536865e-02,expacs_fullsphere_20bin_sources/raw_expacs/spectrum_p_bin06_theta69.51_BHNo.dat,expacs_fullsphere_20bin_sources/cosima_spectra/p_bin06_theta69.51_pdf.dat,expacs_fullsphere_20bin_sources/Background_atm_fullsphere_allparticles_20bins.source,34.000000,100.000000,38.000000,11.6,2025-08-31; W=118.3
Atm_p_bin07_down,p,07,atm_down,72.542397,78.463041,75.522488,0.300000,0.200000,0.250000,0.6283185307,No,MeV,keV_total,cm^-2 s^-1 MeV^-1 sr^-1,1.826156192195e-02,1.147407775541e-02,expacs_fullsphere_20bin_sources/raw_expacs/spectrum_p_bin07_theta75.52_BHNo.dat,expacs_fullsphere_20bin_sources/cosima_spectra/p_bin07_theta75.52_pdf.dat,expacs_fullsphere_20bin_sources/Background_atm_fullsphere_allparticles_20bins.source,34.000000,100.000000,38.000000,11.6,2025-08-31; W=118.3
Atm_p_bin08_down,p,08,atm_down,78.463041,84.260830,81.373073,0.200000,0.100000,0.150000,0.6283185307,No,MeV,keV_total,cm^-2 s^-1 MeV^-1 sr^-1,2.088990306501e-02,1.312551320065e-02,expacs_fullsphere_20bin_sources/raw_expacs/spectrum_p_bin08_theta81.37_BHNo.dat,expacs_fullsphere_20bin_sources/cosima_spectra/p_bin08_theta81.37_pdf.dat,expacs_fullsphere_20bin_sources/Background_atm_fullsphere_allparticles_20bins.source,34.000000,100.000000,38.000000,11.6,2025-08-31; W=118.3
Atm_p_bin09_down,p,09,atm_down,84.260830,90.000000,87.134016,0.100000,0.000000,0.050000,0.6283185307,No,MeV,keV_total,cm^-2 s^-1 MeV^-1 sr^-1,2.467471544169e-02,1.550358095221e-02,expacs_fullsphere_20bin_sources/raw_expacs/spectrum_p_bin09_theta87.13_BHNo.dat,expacs_fullsphere_20bin_sources/cosima_spectra/p_bin09_theta87.13_pdf.dat,expacs_fullsphere_20bin_sources/Background_atm_fullsphere_allparticles_20bins.source,34.000000,100.000000,38.000000,11.6,2025-08-31; W=118.3
Atm_p_bin10_up,p,10,atm_up_albedo_like,90.000000,95.739170,92.865984,0.000000,-0.100000,-0.050000,0.6283185307,No,MeV,keV_total,cm^-2 s^-1 MeV^-1 sr^-1,7.667079027302e-03,4.817367829333e-03,expacs_fullsphere_20bin_sources/raw_expacs/spectrum_p_bin10_theta92.87_BHNo.dat,expacs_fullsphere_20bin_sources/cosima_spectra/p_bin10_theta92.87_pdf.dat,expacs_fullsphere_20bin_sources/Background_atm_fullsphere_allparticles_20bins.source,34.000000,100.000000,38.000000,11.6,2025-08-31; W=118.3
Atm_p_bin11_up,p,11,atm_up_albedo_like,95.739170,101.536959,98.626927,-0.100000,-0.200000,-0.150000,0.6283185307,No,MeV,keV_total,cm^-2 s^-1 MeV^-1 sr^-1,6.055387321843e-03,3.804712064989e-03,expacs_fullsphere_20bin_sources/raw_expacs/spectrum_p_bin11_theta98.63_BHNo.dat,expacs_fullsphere_20bin_sources/cosima_spectra/p_bin11_theta98.63_pdf.dat,expacs_fullsphere_20bin_sources/Background_atm_fullsphere_allparticles_20bins.source,34.000000,100.000000,38.000000,11.6,2025-08-31; W=118.3
Atm_p_bin12_up,p,12,atm_up_albedo_like,101.536959,107.457603,104.477512,-0.200000,-0.300000,-0.250000,0.6283185307,No,MeV,keV_total,cm^-2 s^-1 MeV^-1 sr^-1,5.050917083438e-03,3.173584800644e-03,expacs_fullsphere_20bin_sources/raw_expacs/spectrum_p_bin12_theta104.48_BHNo.dat,expacs_fullsphere_20bin_sources/cosima_spectra/p_bin12_theta104.48_pdf.dat,expacs_fullsphere_20bin_sources/Background_atm_fullsphere_allparticles_20bins.source,34.000000,100.000000,38.000000,11.6,2025-08-31; W=118.3
Atm_p_bin13_up,p,13,atm_up_albedo_like,107.457603,113.578178,110.487315,-0.300000,-0.400000,-0.350000,0.6283185307,No,MeV,keV_total,cm^-2 s^-1 MeV^-1 sr^-1,4.264172256876e-03,2.679258447168e-03,expacs_fullsphere_20bin_sources/raw_expacs/spectrum_p_bin13_theta110.49_BHNo.dat,expacs_fullsphere_20bin_sources/cosima_spectra/p_bin13_theta110.49_pdf.dat,expacs_fullsphere_20bin_sources/Background_atm_fullsphere_allparticles_20bins.source,34.000000,100.000000,38.000000,11.6,2025-08-31; W=118.3
Atm_p_bin14_up,p,14,atm_up_albedo_like,113.578178,120.000000,116.743684,-0.400000,-0.500000,-0.450000,0.6283185307,No,MeV,keV_total,cm^-2 s^-1 MeV^-1 sr^-1,3.596246631546e-03,2.259588399632e-03,expacs_fullsphere_20bin_sources/raw_expacs/spectrum_p_bin14_theta116.74_BHNo.dat,expacs_fullsphere_20bin_sources/cosima_spectra/p_bin14_theta116.74_pdf.dat,expacs_fullsphere_20bin_sources/Background_atm_fullsphere_allparticles_20bins.source,34.000000,100.000000,38.000000,11.6,2025-08-31; W=118.3
Atm_p_bin15_up,p,15,atm_up_albedo_like,120.000000,126.869898,123.367013,-0.500000,-0.600000,-0.550000,0.6283185307,No,MeV,keV_total,cm^-2 s^-1 MeV^-1 sr^-1,3.004989460419e-03,1.888090562594e-03,expacs_fullsphere_20bin_sources/raw_expacs/spectrum_p_bin15_theta123.37_BHNo.dat,expacs_fullsphere_20bin_sources/cosima_spectra/p_bin15_theta123.37_pdf.dat,expacs_fullsphere_20bin_sources/Background_atm_fullsphere_allparticles_20bins.source,34.000000,100.000000,38.000000,11.6,2025-08-31; W=118.3
Atm_p_bin16_up,p,16,atm_up_albedo_like,126.869898,134.427004,130.541602,-0.600000,-0.700000,-0.650000,0.6283185307,No,MeV,keV_total,cm^-2 s^-1 MeV^-1 sr^-1,2.468044118404e-03,1.550717854223e-03,expacs_fullsphere_20bin_sources/raw_expacs/spectrum_p_bin16_theta130.54_BHNo.dat,expacs_fullsphere_20bin_sources/cosima_spectra/p_bin16_theta130.54_pdf.dat,expacs_fullsphere_20bin_sources/Background_atm_fullsphere_allparticles_20bins.source,34.000000,100.000000,38.000000,11.6,2025-08-31; W=118.3
Atm_p_bin17_up,p,17,atm_up_albedo_like,134.427004,143.130102,138.590378,-0.700000,-0.800000,-0.750000,0.6283185307,No,MeV,keV_total,cm^-2 s^-1 MeV^-1 sr^-1,1.971951685726e-03,1.239013785822e-03,expacs_fullsphere_20bin_sources/raw_expacs/spectrum_p_bin17_theta138.59_BHNo.dat,expacs_fullsphere_20bin_sources/cosima_spectra/p_bin17_theta138.59_pdf.dat,expacs_fullsphere_20bin_sources/Background_atm_fullsphere_allparticles_20bins.source,34.000000,100.000000,38.000000,11.6,2025-08-31; W=118.3
Atm_p_bin18_up,p,18,atm_up_albedo_like,143.130102,154.158067,148.211669,-0.800000,-0.900000,-0.850000,0.6283185307,No,MeV,keV_total,cm^-2 s^-1 MeV^-1 sr^-1,1.507902623290e-03,9.474431607313e-04,expacs_fullsphere_20bin_sources/raw_expacs/spectrum_p_bin18_theta148.21_BHNo.dat,expacs_fullsphere_20bin_sources/cosima_spectra/p_bin18_theta148.21_pdf.dat,expacs_fullsphere_20bin_sources/Background_atm_fullsphere_allparticles_20bins.source,34.000000,100.000000,38.000000,11.6,2025-08-31; W=118.3
Atm_p_bin19_up,p,19,atm_up_albedo_like,154.158067,180.000000,161.805128,-0.900000,-1.000000,-0.950000,0.6283185307,No,MeV,keV_total,cm^-2 s^-1 MeV^-1 sr^-1,1.069775800293e-03,6.721599590378e-04,expacs_fullsphere_20bin_sources/raw_expacs/spectrum_p_bin19_theta161.81_BHNo.dat,expacs_fullsphere_20bin_sources/cosima_spectra/p_bin19_theta161.81_pdf.dat,expacs_fullsphere_20bin_sources/Background_atm_fullsphere_allparticles_20bins.source,34.000000,100.000000,38.000000,11.6,2025-08-31; W=118.3
Atm_alpha_bin00_down,alpha,00,atm_down,0.000000,25.841933,18.194872,1.000000,0.900000,0.950000,0.6283185307,No,MeV_per_nucleon,keV_total,cm^-2 s^-1 (MeV/n)^-1 sr^-1,1.871729262309e-03,1.176042179996e-03,expacs_fullsphere_20bin_sources/raw_expacs/spectrum_alpha_bin00_theta18.19_BHNo.dat,expacs_fullsphere_20bin_sources/cosima_spectra/alpha_bin00_theta18.19_pdf.dat,expacs_fullsphere_20bin_sources/Background_atm_fullsphere_allparticles_20bins.source,34.000000,100.000000,38.000000,11.6,2025-08-31; W=118.3
Atm_alpha_bin01_down,alpha,01,atm_down,25.841933,36.869898,31.788331,0.900000,0.800000,0.850000,0.6283185307,No,MeV_per_nucleon,keV_total,cm^-2 s^-1 (MeV/n)^-1 sr^-1,1.905187370833e-03,1.197064529584e-03,expacs_fullsphere_20bin_sources/raw_expacs/spectrum_alpha_bin01_theta31.79_BHNo.dat,expacs_fullsphere_20bin_sources/cosima_spectra/alpha_bin01_theta31.79_pdf.dat,expacs_fullsphere_20bin_sources/Background_atm_fullsphere_allparticles_20bins.source,34.000000,100.000000,38.000000,11.6,2025-08-31; W=118.3
Atm_alpha_bin02_down,alpha,02,atm_down,36.869898,45.572996,41.409622,0.800000,0.700000,0.750000,0.6283185307,No,MeV_per_nucleon,keV_total,cm^-2 s^-1 (MeV/n)^-1 sr^-1,1.909154929743e-03,1.199557420369e-03,expacs_fullsphere_20bin_sources/raw_expacs/spectrum_alpha_bin02_theta41.41_BHNo.dat,expacs_fullsphere_20bin_sources/cosima_spectra/alpha_bin02_theta41.41_pdf.dat,expacs_fullsphere_20bin_sources/Background_atm_fullsphere_allparticles_20bins.source,34.000000,100.000000,38.000000,11.6,2025-08-31; W=118.3
Atm_alpha_bin03_down,alpha,03,atm_down,45.572996,53.130102,49.458398,0.700000,0.600000,0.650000,0.6283185307,No,MeV_per_nucleon,keV_total,cm^-2 s^-1 (MeV/n)^-1 sr^-1,1.891070814124e-03,1.188194835414e-03,expacs_fullsphere_20bin_sources/raw_expacs/spectrum_alpha_bin03_theta49.46_BHNo.dat,expacs_fullsphere_20bin_sources/cosima_spectra/alpha_bin03_theta49.46_pdf.dat,expacs_fullsphere_20bin_sources/Background_atm_fullsphere_allparticles_20bins.source,34.000000,100.000000,38.000000,11.6,2025-08-31; W=118.3
Atm_alpha_bin04_down,alpha,04,atm_down,53.130102,60.000000,56.632987,0.600000,0.500000,0.550000,0.6283185307,No,MeV_per_nucleon,keV_total,cm^-2 s^-1 (MeV/n)^-1 sr^-1,1.856817203229e-03,1.166672656944e-03,expacs_fullsphere_20bin_sources/raw_expacs/spectrum_alpha_bin04_theta56.63_BHNo.dat,expacs_fullsphere_20bin_sources/cosima_spectra/alpha_bin04_theta56.63_pdf.dat,expacs_fullsphere_20bin_sources/Background_atm_fullsphere_allparticles_20bins.source,34.000000,100.000000,38.000000,11.6,2025-08-31; W=118.3
Atm_alpha_bin05_down,alpha,05,atm_down,60.000000,66.421822,63.256316,0.500000,0.400000,0.450000,0.6283185307,No,MeV_per_nucleon,keV_total,cm^-2 s^-1 (MeV/n)^-1 sr^-1,1.810818407607e-03,1.137770761265e-03,expacs_fullsphere_20bin_sources/raw_expacs/spectrum_alpha_bin05_theta63.26_BHNo.dat,expacs_fullsphere_20bin_sources/cosima_spectra/alpha_bin05_theta63.26_pdf.dat,expacs_fullsphere_20bin_sources/Background_atm_fullsphere_allparticles_20bins.source,34.000000,100.000000,38.000000,11.6,2025-08-31; W=118.3
Atm_alpha_bin06_down,alpha,06,atm_down,66.421822,72.542397,69.512685,0.400000,0.300000,0.350000,0.6283185307,No,MeV_per_nucleon,keV_total,cm^-2 s^-1 (MeV/n)^-1 sr^-1,1.756097998012e-03,1.103388913908e-03,expacs_fullsphere_20bin_sources/raw_expacs/spectrum_alpha_bin06_theta69.51_BHNo.dat,expacs_fullsphere_20bin_sources/cosima_spectra/alpha_bin06_theta69.51_pdf.dat,expacs_fullsphere_20bin_sources/Background_atm_fullsphere_allparticles_20bins.source,34.000000,100.000000,38.000000,11.6,2025-08-31; W=118.3
Atm_alpha_bin07_down,alpha,07,atm_down,72.542397,78.463041,75.522488,0.300000,0.200000,0.250000,0.6283185307,No,MeV_per_nucleon,keV_total,cm^-2 s^-1 (MeV/n)^-1 sr^-1,1.694225052041e-03,1.064512995404e-03,expacs_fullsphere_20bin_sources/raw_expacs/spectrum_alpha_bin07_theta75.52_BHNo.dat,expacs_fullsphere_20bin_sources/cosima_spectra/alpha_bin07_theta75.52_pdf.dat,expacs_fullsphere_20bin_sources/Background_atm_fullsphere_allparticles_20bins.source,34.000000,100.000000,38.000000,11.6,2025-08-31; W=118.3
Atm_alpha_bin08_down,alpha,08,atm_down,78.463041,84.260830,81.373073,0.200000,0.100000,0.150000,0.6283185307,No,MeV_per_nucleon,keV_total,cm^-2 s^-1 (MeV/n)^-1 sr^-1,1.624880849846e-03,1.020942748167e-03,expacs_fullsphere_20bin_sources/raw_expacs/spectrum_alpha_bin08_theta81.37_BHNo.dat,expacs_fullsphere_20bin_sources/cosima_spectra/alpha_bin08_theta81.37_pdf.dat,expacs_fullsphere_20bin_sources/Background_atm_fullsphere_allparticles_20bins.source,34.000000,100.000000,38.000000,11.6,2025-08-31; W=118.3
Atm_alpha_bin09_down,alpha,09,atm_down,84.260830,90.000000,87.134016,0.100000,0.000000,0.050000,0.6283185307,No,MeV_per_nucleon,keV_total,cm^-2 s^-1 (MeV/n)^-1 sr^-1,1.543229247866e-03,9.696395335803e-04,expacs_fullsphere_20bin_sources/raw_expacs/spectrum_alpha_bin09_theta87.13_BHNo.dat,expacs_fullsphere_20bin_sources/cosima_spectra/alpha_bin09_theta87.13_pdf.dat,expacs_fullsphere_20bin_sources/Background_atm_fullsphere_allparticles_20bins.source,34.000000,100.000000,38.000000,11.6,2025-08-31; W=118.3
Atm_alpha_bin10_up,alpha,10,atm_up_albedo_like,90.000000,95.739170,92.865984,0.000000,-0.100000,-0.050000,0.6283185307,No,MeV_per_nucleon,keV_total,cm^-2 s^-1 (MeV/n)^-1 sr^-1,8.611161903374e-05,5.410552594902e-05,expacs_fullsphere_20bin_sources/raw_expacs/spectrum_alpha_bin10_theta92.87_BHNo.dat,expacs_fullsphere_20bin_sources/cosima_spectra/alpha_bin10_theta92.87_pdf.dat,expacs_fullsphere_20bin_sources/Background_atm_fullsphere_allparticles_20bins.source,34.000000,100.000000,38.000000,11.6,2025-08-31; W=118.3
Atm_alpha_bin11_up,alpha,11,atm_up_albedo_like,95.739170,101.536959,98.626927,-0.100000,-0.200000,-0.150000,0.6283185307,No,MeV_per_nucleon,keV_total,cm^-2 s^-1 (MeV/n)^-1 sr^-1,6.410079669344e-05,4.027571839628e-05,expacs_fullsphere_20bin_sources/raw_expacs/spectrum_alpha_bin11_theta98.63_BHNo.dat,expacs_fullsphere_20bin_sources/cosima_spectra/alpha_bin11_theta98.63_pdf.dat,expacs_fullsphere_20bin_sources/Background_atm_fullsphere_allparticles_20bins.source,34.000000,100.000000,38.000000,11.6,2025-08-31; W=118.3
Atm_alpha_bin12_up,alpha,12,atm_up_albedo_like,101.536959,107.457603,104.477512,-0.200000,-0.300000,-0.250000,0.6283185307,No,MeV_per_nucleon,keV_total,cm^-2 s^-1 (MeV/n)^-1 sr^-1,5.282553769801e-05,3.319126423080e-05,expacs_fullsphere_20bin_sources/raw_expacs/spectrum_alpha_bin12_theta104.48_BHNo.dat,expacs_fullsphere_20bin_sources/cosima_spectra/alpha_bin12_theta104.48_pdf.dat,expacs_fullsphere_20bin_sources/Background_atm_fullsphere_allparticles_20bins.source,34.000000,100.000000,38.000000,11.6,2025-08-31; W=118.3
Atm_alpha_bin13_up,alpha,13,atm_up_albedo_like,107.457603,113.578178,110.487315,-0.300000,-0.400000,-0.350000,0.6283185307,No,MeV_per_nucleon,keV_total,cm^-2 s^-1 (MeV/n)^-1 sr^-1,4.500274158876e-05,2.827605647333e-05,expacs_fullsphere_20bin_sources/raw_expacs/spectrum_alpha_bin13_theta110.49_BHNo.dat,expacs_fullsphere_20bin_sources/cosima_spectra/alpha_bin13_theta110.49_pdf.dat,expacs_fullsphere_20bin_sources/Background_atm_fullsphere_allparticles_20bins.source,34.000000,100.000000,38.000000,11.6,2025-08-31; W=118.3
Atm_alpha_bin14_up,alpha,14,atm_up_albedo_like,113.578178,120.000000,116.743684,-0.400000,-0.500000,-0.450000,0.6283185307,No,MeV_per_nucleon,keV_total,cm^-2 s^-1 (MeV/n)^-1 sr^-1,3.894238700110e-05,2.446822338318e-05,expacs_fullsphere_20bin_sources/raw_expacs/spectrum_alpha_bin14_theta116.74_BHNo.dat,expacs_fullsphere_20bin_sources/cosima_spectra/alpha_bin14_theta116.74_pdf.dat,expacs_fullsphere_20bin_sources/Background_atm_fullsphere_allparticles_20bins.source,34.000000,100.000000,38.000000,11.6,2025-08-31; W=118.3
Atm_alpha_bin15_up,alpha,15,atm_up_albedo_like,120.000000,126.869898,123.367013,-0.500000,-0.600000,-0.550000,0.6283185307,No,MeV_per_nucleon,keV_total,cm^-2 s^-1 (MeV/n)^-1 sr^-1,3.396309626625e-05,2.133964274464e-05,expacs_fullsphere_20bin_sources/raw_expacs/spectrum_alpha_bin15_theta123.37_BHNo.dat,expacs_fullsphere_20bin_sources/cosima_spectra/alpha_bin15_theta123.37_pdf.dat,expacs_fullsphere_20bin_sources/Background_atm_fullsphere_allparticles_20bins.source,34.000000,100.000000,38.000000,11.6,2025-08-31; W=118.3
Atm_alpha_bin16_up,alpha,16,atm_up_albedo_like,126.869898,134.427004,130.541602,-0.600000,-0.700000,-0.650000,0.6283185307,No,MeV_per_nucleon,keV_total,cm^-2 s^-1 (MeV/n)^-1 sr^-1,2.971821788096e-05,1.867250699452e-05,expacs_fullsphere_20bin_sources/raw_expacs/spectrum_alpha_bin16_theta130.54_BHNo.dat,expacs_fullsphere_20bin_sources/cosima_spectra/alpha_bin16_theta130.54_pdf.dat,expacs_fullsphere_20bin_sources/Background_atm_fullsphere_allparticles_20bins.source,34.000000,100.000000,38.000000,11.6,2025-08-31; W=118.3
Atm_alpha_bin17_up,alpha,17,atm_up_albedo_like,134.427004,143.130102,138.590378,-0.700000,-0.800000,-0.750000,0.6283185307,No,MeV_per_nucleon,keV_total,cm^-2 s^-1 (MeV/n)^-1 sr^-1,2.600578417173e-05,1.633991610095e-05,expacs_fullsphere_20bin_sources/raw_expacs/spectrum_alpha_bin17_theta138.59_BHNo.dat,expacs_fullsphere_20bin_sources/cosima_spectra/alpha_bin17_theta138.59_pdf.dat,expacs_fullsphere_20bin_sources/Background_atm_fullsphere_allparticles_20bins.source,34.000000,100.000000,38.000000,11.6,2025-08-31; W=118.3
Atm_alpha_bin18_up,alpha,18,atm_up_albedo_like,143.130102,154.158067,148.211669,-0.800000,-0.900000,-0.850000,0.6283185307,No,MeV_per_nucleon,keV_total,cm^-2 s^-1 (MeV/n)^-1 sr^-1,2.269690005090e-05,1.426088289183e-05,expacs_fullsphere_20bin_sources/raw_expacs/spectrum_alpha_bin18_theta148.21_BHNo.dat,expacs_fullsphere_20bin_sources/cosima_spectra/alpha_bin18_theta148.21_pdf.dat,expacs_fullsphere_20bin_sources/Background_atm_fullsphere_allparticles_20bins.source,34.000000,100.000000,38.000000,11.6,2025-08-31; W=118.3
Atm_alpha_bin19_up,alpha,19,atm_up_albedo_like,154.158067,180.000000,161.805128,-0.900000,-1.000000,-0.950000,0.6283185307,No,MeV_per_nucleon,keV_total,cm^-2 s^-1 (MeV/n)^-1 sr^-1,1.970360228278e-05,1.238013843617e-05,expacs_fullsphere_20bin_sources/raw_expacs/spectrum_alpha_bin19_theta161.81_BHNo.dat,expacs_fullsphere_20bin_sources/cosima_spectra/alpha_bin19_theta161.81_pdf.dat,expacs_fullsphere_20bin_sources/Background_atm_fullsphere_allparticles_20bins.source,34.000000,100.000000,38.000000,11.6,2025-08-31; W=118.3
Atm_eminus_bin00_down,eminus,00,atm_down,0.000000,25.841933,18.194872,1.000000,0.900000,0.950000,0.6283185307,No,MeV,keV_total,cm^-2 s^-1 MeV^-1 sr^-1,4.906714046847e-03,3.082979360568e-03,expacs_fullsphere_20bin_sources/raw_expacs/spectrum_eminus_bin00_theta18.19_BHNo.dat,expacs_fullsphere_20bin_sources/cosima_spectra/eminus_bin00_theta18.19_pdf.dat,expacs_fullsphere_20bin_sources/Background_atm_fullsphere_allparticles_20bins.source,34.000000,100.000000,38.000000,11.6,2025-08-31; W=118.3
Atm_eminus_bin01_down,eminus,01,atm_down,25.841933,36.869898,31.788331,0.900000,0.800000,0.850000,0.6283185307,No,MeV,keV_total,cm^-2 s^-1 MeV^-1 sr^-1,6.126832231049e-03,3.849602225368e-03,expacs_fullsphere_20bin_sources/raw_expacs/spectrum_eminus_bin01_theta31.79_BHNo.dat,expacs_fullsphere_20bin_sources/cosima_spectra/eminus_bin01_theta31.79_pdf.dat,expacs_fullsphere_20bin_sources/Background_atm_fullsphere_allparticles_20bins.source,34.000000,100.000000,38.000000,11.6,2025-08-31; W=118.3
Atm_eminus_bin02_down,eminus,02,atm_down,36.869898,45.572996,41.409622,0.800000,0.700000,0.750000,0.6283185307,No,MeV,keV_total,cm^-2 s^-1 MeV^-1 sr^-1,7.425994073922e-03,4.665889685647e-03,expacs_fullsphere_20bin_sources/raw_expacs/spectrum_eminus_bin02_theta41.41_BHNo.dat,expacs_fullsphere_20bin_sources/cosima_spectra/eminus_bin02_theta41.41_pdf.dat,expacs_fullsphere_20bin_sources/Background_atm_fullsphere_allparticles_20bins.source,34.000000,100.000000,38.000000,11.6,2025-08-31; W=118.3
Atm_eminus_bin03_down,eminus,03,atm_down,45.572996,53.130102,49.458398,0.700000,0.600000,0.650000,0.6283185307,No,MeV,keV_total,cm^-2 s^-1 MeV^-1 sr^-1,8.823294673245e-03,5.543839545185e-03,expacs_fullsphere_20bin_sources/raw_expacs/spectrum_eminus_bin03_theta49.46_BHNo.dat,expacs_fullsphere_20bin_sources/cosima_spectra/eminus_bin03_theta49.46_pdf.dat,expacs_fullsphere_20bin_sources/Background_atm_fullsphere_allparticles_20bins.source,34.000000,100.000000,38.000000,11.6,2025-08-31; W=118.3
Atm_eminus_bin04_down,eminus,04,atm_down,53.130102,60.000000,56.632987,0.600000,0.500000,0.550000,0.6283185307,No,MeV,keV_total,cm^-2 s^-1 MeV^-1 sr^-1,1.034633458810e-02,6.500793746710e-03,expacs_fullsphere_20bin_sources/raw_expacs/spectrum_eminus_bin04_theta56.63_BHNo.dat,expacs_fullsphere_20bin_sources/cosima_spectra/eminus_bin04_theta56.63_pdf.dat,expacs_fullsphere_20bin_sources/Background_atm_fullsphere_allparticles_20bins.source,34.000000,100.000000,38.000000,11.6,2025-08-31; W=118.3
Atm_eminus_bin05_down,eminus,05,atm_down,60.000000,66.421822,63.256316,0.500000,0.400000,0.450000,0.6283185307,No,MeV,keV_total,cm^-2 s^-1 MeV^-1 sr^-1,1.203745369759e-02,7.563355220854e-03,expacs_fullsphere_20bin_sources/raw_expacs/spectrum_eminus_bin05_theta63.26_BHNo.dat,expacs_fullsphere_20bin_sources/cosima_spectra/eminus_bin05_theta63.26_pdf.dat,expacs_fullsphere_20bin_sources/Background_atm_fullsphere_allparticles_20bins.source,34.000000,100.000000,38.000000,11.6,2025-08-31; W=118.3
Atm_eminus_bin06_down,eminus,06,atm_down,66.421822,72.542397,69.512685,0.400000,0.300000,0.350000,0.6283185307,No,MeV,keV_total,cm^-2 s^-1 MeV^-1 sr^-1,1.396724087960e-02,8.775876267653e-03,expacs_fullsphere_20bin_sources/raw_expacs/spectrum_eminus_bin06_theta69.51_BHNo.dat,expacs_fullsphere_20bin_sources/cosima_spectra/eminus_bin06_theta69.51_pdf.dat,expacs_fullsphere_20bin_sources/Background_atm_fullsphere_allparticles_20bins.source,34.000000,100.000000,38.000000,11.6,2025-08-31; W=118.3
Atm_eminus_bin07_down,eminus,07,atm_down,72.542397,78.463041,75.522488,0.300000,0.200000,0.250000,0.6283185307,No,MeV,keV_total,cm^-2 s^-1 MeV^-1 sr^-1,1.626915790405e-02,1.022221339029e-02,expacs_fullsphere_20bin_sources/raw_expacs/spectrum_eminus_bin07_theta75.52_BHNo.dat,expacs_fullsphere_20bin_sources/cosima_spectra/eminus_bin07_theta75.52_pdf.dat,expacs_fullsphere_20bin_sources/Background_atm_fullsphere_allparticles_20bins.source,34.000000,100.000000,38.000000,11.6,2025-08-31; W=118.3
Atm_eminus_bin08_down,eminus,08,atm_down,78.463041,84.260830,81.373073,0.200000,0.100000,0.150000,0.6283185307,No,MeV,keV_total,cm^-2 s^-1 MeV^-1 sr^-1,1.925662498834e-02,1.209929431926e-02,expacs_fullsphere_20bin_sources/raw_expacs/spectrum_eminus_bin08_theta81.37_BHNo.dat,expacs_fullsphere_20bin_sources/cosima_spectra/eminus_bin08_theta81.37_pdf.dat,expacs_fullsphere_20bin_sources/Background_atm_fullsphere_allparticles_20bins.source,34.000000,100.000000,38.000000,11.6,2025-08-31; W=118.3
Atm_eminus_bin09_down,eminus,09,atm_down,84.260830,90.000000,87.134016,0.100000,0.000000,0.050000,0.6283185307,No,MeV,keV_total,cm^-2 s^-1 MeV^-1 sr^-1,2.415567690914e-02,1.517745942405e-02,expacs_fullsphere_20bin_sources/raw_expacs/spectrum_eminus_bin09_theta87.13_BHNo.dat,expacs_fullsphere_20bin_sources/cosima_spectra/eminus_bin09_theta87.13_pdf.dat,expacs_fullsphere_20bin_sources/Background_atm_fullsphere_allparticles_20bins.source,34.000000,100.000000,38.000000,11.6,2025-08-31; W=118.3
Atm_eminus_bin10_up,eminus,10,atm_up_albedo_like,90.000000,95.739170,92.865984,0.000000,-0.100000,-0.050000,0.6283185307,No,MeV,keV_total,cm^-2 s^-1 MeV^-1 sr^-1,3.289272321222e-02,2.066710752001e-02,expacs_fullsphere_20bin_sources/raw_expacs/spectrum_eminus_bin10_theta92.87_BHNo.dat,expacs_fullsphere_20bin_sources/cosima_spectra/eminus_bin10_theta92.87_pdf.dat,expacs_fullsphere_20bin_sources/Background_atm_fullsphere_allparticles_20bins.source,34.000000,100.000000,38.000000,11.6,2025-08-31; W=118.3
Atm_eminus_bin11_up,eminus,11,atm_up_albedo_like,95.739170,101.536959,98.626927,-0.100000,-0.200000,-0.150000,0.6283185307,No,MeV,keV_total,cm^-2 s^-1 MeV^-1 sr^-1,2.786565527710e-02,1.750850758120e-02,expacs_fullsphere_20bin_sources/raw_expacs/spectrum_eminus_bin11_theta98.63_BHNo.dat,expacs_fullsphere_20bin_sources/cosima_spectra/eminus_bin11_theta98.63_pdf.dat,expacs_fullsphere_20bin_sources/Background_atm_fullsphere_allparticles_20bins.source,34.000000,100.000000,38.000000,11.6,2025-08-31; W=118.3
Atm_eminus_bin12_up,eminus,12,atm_up_albedo_like,101.536959,107.457603,104.477512,-0.200000,-0.300000,-0.250000,0.6283185307,No,MeV,keV_total,cm^-2 s^-1 MeV^-1 sr^-1,2.446405598234e-02,1.537121971023e-02,expacs_fullsphere_20bin_sources/raw_expacs/spectrum_eminus_bin12_theta104.48_BHNo.dat,expacs_fullsphere_20bin_sources/cosima_spectra/eminus_bin12_theta104.48_pdf.dat,expacs_fullsphere_20bin_sources/Background_atm_fullsphere_allparticles_20bins.source,34.000000,100.000000,38.000000,11.6,2025-08-31; W=118.3
Atm_eminus_bin13_up,eminus,13,atm_up_albedo_like,107.457603,113.578178,110.487315,-0.300000,-0.400000,-0.350000,0.6283185307,No,MeV,keV_total,cm^-2 s^-1 MeV^-1 sr^-1,2.169914579580e-02,1.363397540425e-02,expacs_fullsphere_20bin_sources/raw_expacs/spectrum_eminus_bin13_theta110.49_BHNo.dat,expacs_fullsphere_20bin_sources/cosima_spectra/eminus_bin13_theta110.49_pdf.dat,expacs_fullsphere_20bin_sources/Background_atm_fullsphere_allparticles_20bins.source,34.000000,100.000000,38.000000,11.6,2025-08-31; W=118.3
Atm_eminus_bin14_up,eminus,14,atm_up_albedo_like,113.578178,120.000000,116.743684,-0.400000,-0.500000,-0.450000,0.6283185307,No,MeV,keV_total,cm^-2 s^-1 MeV^-1 sr^-1,1.929934706455e-02,1.212613739141e-02,expacs_fullsphere_20bin_sources/raw_expacs/spectrum_eminus_bin14_theta116.74_BHNo.dat,expacs_fullsphere_20bin_sources/cosima_spectra/eminus_bin14_theta116.74_pdf.dat,expacs_fullsphere_20bin_sources/Background_atm_fullsphere_allparticles_20bins.source,34.000000,100.000000,38.000000,11.6,2025-08-31; W=118.3
Atm_eminus_bin15_up,eminus,15,atm_up_albedo_like,120.000000,126.869898,123.367013,-0.500000,-0.600000,-0.550000,0.6283185307,No,MeV,keV_total,cm^-2 s^-1 MeV^-1 sr^-1,1.714372792717e-02,1.077172194223e-02,expacs_fullsphere_20bin_sources/raw_expacs/spectrum_eminus_bin15_theta123.37_BHNo.dat,expacs_fullsphere_20bin_sources/cosima_spectra/eminus_bin15_theta123.37_pdf.dat,expacs_fullsphere_20bin_sources/Background_atm_fullsphere_allparticles_20bins.source,34.000000,100.000000,38.000000,11.6,2025-08-31; W=118.3
Atm_eminus_bin16_up,eminus,16,atm_up_albedo_like,126.869898,134.427004,130.541602,-0.600000,-0.700000,-0.650000,0.6283185307,No,MeV,keV_total,cm^-2 s^-1 MeV^-1 sr^-1,1.516609547894e-02,9.529138828057e-03,expacs_fullsphere_20bin_sources/raw_expacs/spectrum_eminus_bin16_theta130.54_BHNo.dat,expacs_fullsphere_20bin_sources/cosima_spectra/eminus_bin16_theta130.54_pdf.dat,expacs_fullsphere_20bin_sources/Background_atm_fullsphere_allparticles_20bins.source,34.000000,100.000000,38.000000,11.6,2025-08-31; W=118.3
Atm_eminus_bin17_up,eminus,17,atm_up_albedo_like,134.427004,143.130102,138.590378,-0.700000,-0.800000,-0.750000,0.6283185307,No,MeV,keV_total,cm^-2 s^-1 MeV^-1 sr^-1,1.332560624648e-02,8.372725337717e-03,expacs_fullsphere_20bin_sources/raw_expacs/spectrum_eminus_bin17_theta138.59_BHNo.dat,expacs_fullsphere_20bin_sources/cosima_spectra/eminus_bin17_theta138.59_pdf.dat,expacs_fullsphere_20bin_sources/Background_atm_fullsphere_allparticles_20bins.source,34.000000,100.000000,38.000000,11.6,2025-08-31; W=118.3
Atm_eminus_bin18_up,eminus,18,atm_up_albedo_like,143.130102,154.158067,148.211669,-0.800000,-0.900000,-0.850000,0.6283185307,No,MeV,keV_total,cm^-2 s^-1 MeV^-1 sr^-1,1.159497915340e-02,7.285340265368e-03,expacs_fullsphere_20bin_sources/raw_expacs/spectrum_eminus_bin18_theta148.21_BHNo.dat,expacs_fullsphere_20bin_sources/cosima_spectra/eminus_bin18_theta148.21_pdf.dat,expacs_fullsphere_20bin_sources/Background_atm_fullsphere_allparticles_20bins.source,34.000000,100.000000,38.000000,11.6,2025-08-31; W=118.3
Atm_eminus_bin19_up,eminus,19,atm_up_albedo_like,154.158067,180.000000,161.805128,-0.900000,-1.000000,-0.950000,0.6283185307,No,MeV,keV_total,cm^-2 s^-1 MeV^-1 sr^-1,9.954930660628e-03,6.254867406085e-03,expacs_fullsphere_20bin_sources/raw_expacs/spectrum_eminus_bin19_theta161.81_BHNo.dat,expacs_fullsphere_20bin_sources/cosima_spectra/eminus_bin19_theta161.81_pdf.dat,expacs_fullsphere_20bin_sources/Background_atm_fullsphere_allparticles_20bins.source,34.000000,100.000000,38.000000,11.6,2025-08-31; W=118.3
Atm_eplus_bin00_down,eplus,00,atm_down,0.000000,25.841933,18.194872,1.000000,0.900000,0.950000,0.6283185307,No,MeV,keV_total,cm^-2 s^-1 MeV^-1 sr^-1,1.664382146963e-03,1.045762145133e-03,expacs_fullsphere_20bin_sources/raw_expacs/spectrum_eplus_bin00_theta18.19_BHNo.dat,expacs_fullsphere_20bin_sources/cosima_spectra/eplus_bin00_theta18.19_pdf.dat,expacs_fullsphere_20bin_sources/Background_atm_fullsphere_allparticles_20bins.source,34.000000,100.000000,38.000000,11.6,2025-08-31; W=118.3
Atm_eplus_bin01_down,eplus,01,atm_down,25.841933,36.869898,31.788331,0.900000,0.800000,0.850000,0.6283185307,No,MeV,keV_total,cm^-2 s^-1 MeV^-1 sr^-1,2.581834819995e-03,1.622214660656e-03,expacs_fullsphere_20bin_sources/raw_expacs/spectrum_eplus_bin01_theta31.79_BHNo.dat,expacs_fullsphere_20bin_sources/cosima_spectra/eplus_bin01_theta31.79_pdf.dat,expacs_fullsphere_20bin_sources/Background_atm_fullsphere_allparticles_20bins.source,34.000000,100.000000,38.000000,11.6,2025-08-31; W=118.3
Atm_eplus_bin02_down,eplus,02,atm_down,36.869898,45.572996,41.409622,0.800000,0.700000,0.750000,0.6283185307,No,MeV,keV_total,cm^-2 s^-1 MeV^-1 sr^-1,3.575433858175e-03,2.246511348448e-03,expacs_fullsphere_20bin_sources/raw_expacs/spectrum_eplus_bin02_theta41.41_BHNo.dat,expacs_fullsphere_20bin_sources/cosima_spectra/eplus_bin02_theta41.41_pdf.dat,expacs_fullsphere_20bin_sources/Background_atm_fullsphere_allparticles_20bins.source,34.000000,100.000000,38.000000,11.6,2025-08-31; W=118.3
Atm_eplus_bin03_down,eplus,03,atm_down,45.572996,53.130102,49.458398,0.700000,0.600000,0.650000,0.6283185307,No,MeV,keV_total,cm^-2 s^-1 MeV^-1 sr^-1,4.663723773497e-03,2.930304069038e-03,expacs_fullsphere_20bin_sources/raw_expacs/spectrum_eplus_bin03_theta49.46_BHNo.dat,expacs_fullsphere_20bin_sources/cosima_spectra/eplus_bin03_theta49.46_pdf.dat,expacs_fullsphere_20bin_sources/Background_atm_fullsphere_allparticles_20bins.source,34.000000,100.000000,38.000000,11.6,2025-08-31; W=118.3
Atm_eplus_bin04_down,eplus,04,atm_down,53.130102,60.000000,56.632987,0.600000,0.500000,0.550000,0.6283185307,No,MeV,keV_total,cm^-2 s^-1 MeV^-1 sr^-1,5.873578295646e-03,3.690478084777e-03,expacs_fullsphere_20bin_sources/raw_expacs/spectrum_eplus_bin04_theta56.63_BHNo.dat,expacs_fullsphere_20bin_sources/cosima_spectra/eplus_bin04_theta56.63_pdf.dat,expacs_fullsphere_20bin_sources/Background_atm_fullsphere_allparticles_20bins.source,34.000000,100.000000,38.000000,11.6,2025-08-31; W=118.3
Atm_eplus_bin05_down,eplus,05,atm_down,60.000000,66.421822,63.256316,0.500000,0.400000,0.450000,0.6283185307,No,MeV,keV_total,cm^-2 s^-1 MeV^-1 sr^-1,7.246346130410e-03,4.553013553733e-03,expacs_fullsphere_20bin_sources/raw_expacs/spectrum_eplus_bin05_theta63.26_BHNo.dat,expacs_fullsphere_20bin_sources/cosima_spectra/eplus_bin05_theta63.26_pdf.dat,expacs_fullsphere_20bin_sources/Background_atm_fullsphere_allparticles_20bins.source,34.000000,100.000000,38.000000,11.6,2025-08-31; W=118.3
Atm_eplus_bin06_down,eplus,06,atm_down,66.421822,72.542397,69.512685,0.400000,0.300000,0.350000,0.6283185307,No,MeV,keV_total,cm^-2 s^-1 MeV^-1 sr^-1,8.851210913835e-03,5.561379836456e-03,expacs_fullsphere_20bin_sources/raw_expacs/spectrum_eplus_bin06_theta69.51_BHNo.dat,expacs_fullsphere_20bin_sources/cosima_spectra/eplus_bin06_theta69.51_pdf.dat,expacs_fullsphere_20bin_sources/Background_atm_fullsphere_allparticles_20bins.source,34.000000,100.000000,38.000000,11.6,2025-08-31; W=118.3
Atm_eplus_bin07_down,eplus,07,atm_down,72.542397,78.463041,75.522488,0.300000,0.200000,0.250000,0.6283185307,No,MeV,keV_total,cm^-2 s^-1 MeV^-1 sr^-1,1.081955914901e-02,6.798129507522e-03,expacs_fullsphere_20bin_sources/raw_expacs/spectrum_eplus_bin07_theta75.52_BHNo.dat,expacs_fullsphere_20bin_sources/cosima_spectra/eplus_bin07_theta75.52_pdf.dat,expacs_fullsphere_20bin_sources/Background_atm_fullsphere_allparticles_20bins.source,34.000000,100.000000,38.000000,11.6,2025-08-31; W=118.3
Atm_eplus_bin08_down,eplus,08,atm_down,78.463041,84.260830,81.373073,0.200000,0.100000,0.150000,0.6283185307,No,MeV,keV_total,cm^-2 s^-1 MeV^-1 sr^-1,1.346176244704e-02,8.458274801601e-03,expacs_fullsphere_20bin_sources/raw_expacs/spectrum_eplus_bin08_theta81.37_BHNo.dat,expacs_fullsphere_20bin_sources/cosima_spectra/eplus_bin08_theta81.37_pdf.dat,expacs_fullsphere_20bin_sources/Background_atm_fullsphere_allparticles_20bins.source,34.000000,100.000000,38.000000,11.6,2025-08-31; W=118.3
Atm_eplus_bin09_down,eplus,09,atm_down,84.260830,90.000000,87.134016,0.100000,0.000000,0.050000,0.6283185307,No,MeV,keV_total,cm^-2 s^-1 MeV^-1 sr^-1,1.800362171127e-02,1.131200914123e-02,expacs_fullsphere_20bin_sources/raw_expacs/spectrum_eplus_bin09_theta87.13_BHNo.dat,expacs_fullsphere_20bin_sources/cosima_spectra/eplus_bin09_theta87.13_pdf.dat,expacs_fullsphere_20bin_sources/Background_atm_fullsphere_allparticles_20bins.source,34.000000,100.000000,38.000000,11.6,2025-08-31; W=118.3
Atm_eplus_bin10_up,eplus,10,atm_up_albedo_like,90.000000,95.739170,92.865984,0.000000,-0.100000,-0.050000,0.6283185307,No,MeV,keV_total,cm^-2 s^-1 MeV^-1 sr^-1,2.202683872342e-02,1.383987094306e-02,expacs_fullsphere_20bin_sources/raw_expacs/spectrum_eplus_bin10_theta92.87_BHNo.dat,expacs_fullsphere_20bin_sources/cosima_spectra/eplus_bin10_theta92.87_pdf.dat,expacs_fullsphere_20bin_sources/Background_atm_fullsphere_allparticles_20bins.source,34.000000,100.000000,38.000000,11.6,2025-08-31; W=118.3
Atm_eplus_bin11_up,eplus,11,atm_up_albedo_like,95.739170,101.536959,98.626927,-0.100000,-0.200000,-0.150000,0.6283185307,No,MeV,keV_total,cm^-2 s^-1 MeV^-1 sr^-1,1.778907867165e-02,1.117720777379e-02,expacs_fullsphere_20bin_sources/raw_expacs/spectrum_eplus_bin11_theta98.63_BHNo.dat,expacs_fullsphere_20bin_sources/cosima_spectra/eplus_bin11_theta98.63_pdf.dat,expacs_fullsphere_20bin_sources/Background_atm_fullsphere_allparticles_20bins.source,34.000000,100.000000,38.000000,11.6,2025-08-31; W=118.3
Atm_eplus_bin12_up,eplus,12,atm_up_albedo_like,101.536959,107.457603,104.477512,-0.200000,-0.300000,-0.250000,0.6283185307,No,MeV,keV_total,cm^-2 s^-1 MeV^-1 sr^-1,1.499319797785e-02,9.420504124204e-03,expacs_fullsphere_20bin_sources/raw_expacs/spectrum_eplus_bin12_theta104.48_BHNo.dat,expacs_fullsphere_20bin_sources/cosima_spectra/eplus_bin12_theta104.48_pdf.dat,expacs_fullsphere_20bin_sources/Background_atm_fullsphere_allparticles_20bins.source,34.000000,100.000000,38.000000,11.6,2025-08-31; W=118.3
Atm_eplus_bin13_up,eplus,13,atm_up_albedo_like,107.457603,113.578178,110.487315,-0.300000,-0.400000,-0.350000,0.6283185307,No,MeV,keV_total,cm^-2 s^-1 MeV^-1 sr^-1,1.275399322484e-02,8.013570283820e-03,expacs_fullsphere_20bin_sources/raw_expacs/spectrum_eplus_bin13_theta110.49_BHNo.dat,expacs_fullsphere_20bin_sources/cosima_spectra/eplus_bin13_theta110.49_pdf.dat,expacs_fullsphere_20bin_sources/Background_atm_fullsphere_allparticles_20bins.source,34.000000,100.000000,38.000000,11.6,2025-08-31; W=118.3
Atm_eplus_bin14_up,eplus,14,atm_up_albedo_like,113.578178,120.000000,116.743684,-0.400000,-0.500000,-0.450000,0.6283185307,No,MeV,keV_total,cm^-2 s^-1 MeV^-1 sr^-1,1.083114114577e-02,6.805406690707e-03,expacs_fullsphere_20bin_sources/raw_expacs/spectrum_eplus_bin14_theta116.74_BHNo.dat,expacs_fullsphere_20bin_sources/cosima_spectra/eplus_bin14_theta116.74_pdf.dat,expacs_fullsphere_20bin_sources/Background_atm_fullsphere_allparticles_20bins.source,34.000000,100.000000,38.000000,11.6,2025-08-31; W=118.3
Atm_eplus_bin15_up,eplus,15,atm_up_albedo_like,120.000000,126.869898,123.367013,-0.500000,-0.600000,-0.550000,0.6283185307,No,MeV,keV_total,cm^-2 s^-1 MeV^-1 sr^-1,9.118410821333e-03,5.729266489743e-03,expacs_fullsphere_20bin_sources/raw_expacs/spectrum_eplus_bin15_theta123.37_BHNo.dat,expacs_fullsphere_20bin_sources/cosima_spectra/eplus_bin15_theta123.37_pdf.dat,expacs_fullsphere_20bin_sources/Background_atm_fullsphere_allparticles_20bins.source,34.000000,100.000000,38.000000,11.6,2025-08-31; W=118.3
Atm_eplus_bin16_up,eplus,16,atm_up_albedo_like,126.869898,134.427004,130.541602,-0.600000,-0.700000,-0.650000,0.6283185307,No,MeV,keV_total,cm^-2 s^-1 MeV^-1 sr^-1,7.557984607658e-03,4.748821783872e-03,expacs_fullsphere_20bin_sources/raw_expacs/spectrum_eplus_bin16_theta130.54_BHNo.dat,expacs_fullsphere_20bin_sources/cosima_spectra/eplus_bin16_theta130.54_pdf.dat,expacs_fullsphere_20bin_sources/Background_atm_fullsphere_allparticles_20bins.source,34.000000,100.000000,38.000000,11.6,2025-08-31; W=118.3
Atm_eplus_bin17_up,eplus,17,atm_up_albedo_like,134.427004,143.130102,138.590378,-0.700000,-0.800000,-0.750000,0.6283185307,No,MeV,keV_total,cm^-2 s^-1 MeV^-1 sr^-1,6.114353770815e-03,3.841761777568e-03,expacs_fullsphere_20bin_sources/raw_expacs/spectrum_eplus_bin17_theta138.59_BHNo.dat,expacs_fullsphere_20bin_sources/cosima_spectra/eplus_bin17_theta138.59_pdf.dat,expacs_fullsphere_20bin_sources/Background_atm_fullsphere_allparticles_20bins.source,34.000000,100.000000,38.000000,11.6,2025-08-31; W=118.3
Atm_eplus_bin18_up,eplus,18,atm_up_albedo_like,143.130102,154.158067,148.211669,-0.800000,-0.900000,-0.850000,0.6283185307,No,MeV,keV_total,cm^-2 s^-1 MeV^-1 sr^-1,4.763895930704e-03,2.993244091673e-03,expacs_fullsphere_20bin_sources/raw_expacs/spectrum_eplus_bin18_theta148.21_BHNo.dat,expacs_fullsphere_20bin_sources/cosima_spectra/eplus_bin18_theta148.21_pdf.dat,expacs_fullsphere_20bin_sources/Background_atm_fullsphere_allparticles_20bins.source,34.000000,100.000000,38.000000,11.6,2025-08-31; W=118.3
Atm_eplus_bin19_up,eplus,19,atm_up_albedo_like,154.158067,180.000000,161.805128,-0.900000,-1.000000,-0.950000,0.6283185307,No,MeV,keV_total,cm^-2 s^-1 MeV^-1 sr^-1,3.489972853777e-03,2.192814615731e-03,expacs_fullsphere_20bin_sources/raw_expacs/spectrum_eplus_bin19_theta161.81_BHNo.dat,expacs_fullsphere_20bin_sources/cosima_spectra/eplus_bin19_theta161.81_pdf.dat,expacs_fullsphere_20bin_sources/Background_atm_fullsphere_allparticles_20bins.source,34.000000,100.000000,38.000000,11.6,2025-08-31; W=118.3
Atm_muminus_bin00_down,muminus,00,atm_down,0.000000,25.841933,18.194872,1.000000,0.900000,0.950000,0.6283185307,No,MeV,keV_total,cm^-2 s^-1 MeV^-1 sr^-1,5.398437081755e-04,3.391938055382e-04,expacs_fullsphere_20bin_sources/raw_expacs/spectrum_muminus_bin00_theta18.19_BHNo.dat,expacs_fullsphere_20bin_sources/cosima_spectra/muminus_bin00_theta18.19_pdf.dat,expacs_fullsphere_20bin_sources/Background_atm_fullsphere_allparticles_20bins.source,34.000000,100.000000,38.000000,11.6,2025-08-31; W=118.3
Atm_muminus_bin01_down,muminus,01,atm_down,25.841933,36.869898,31.788331,0.900000,0.800000,0.850000,0.6283185307,No,MeV,keV_total,cm^-2 s^-1 MeV^-1 sr^-1,5.630844149266e-04,3.537963722569e-04,expacs_fullsphere_20bin_sources/raw_expacs/spectrum_muminus_bin01_theta31.79_BHNo.dat,expacs_fullsphere_20bin_sources/cosima_spectra/muminus_bin01_theta31.79_pdf.dat,expacs_fullsphere_20bin_sources/Background_atm_fullsphere_allparticles_20bins.source,34.000000,100.000000,38.000000,11.6,2025-08-31; W=118.3
Atm_muminus_bin02_down,muminus,02,atm_down,36.869898,45.572996,41.409622,0.800000,0.700000,0.750000,0.6283185307,No,MeV,keV_total,cm^-2 s^-1 MeV^-1 sr^-1,5.871124612926e-04,3.688936390456e-04,expacs_fullsphere_20bin_sources/raw_expacs/spectrum_muminus_bin02_theta41.41_BHNo.dat,expacs_fullsphere_20bin_sources/cosima_spectra/muminus_bin02_theta41.41_pdf.dat,expacs_fullsphere_20bin_sources/Background_atm_fullsphere_allparticles_20bins.source,34.000000,100.000000,38.000000,11.6,2025-08-31; W=118.3
Atm_muminus_bin03_down,muminus,03,atm_down,45.572996,53.130102,49.458398,0.700000,0.600000,0.650000,0.6283185307,No,MeV,keV_total,cm^-2 s^-1 MeV^-1 sr^-1,6.120261779750e-04,3.845473889062e-04,expacs_fullsphere_20bin_sources/raw_expacs/spectrum_muminus_bin03_theta49.46_BHNo.dat,expacs_fullsphere_20bin_sources/cosima_spectra/muminus_bin03_theta49.46_pdf.dat,expacs_fullsphere_20bin_sources/Background_atm_fullsphere_allparticles_20bins.source,34.000000,100.000000,38.000000,11.6,2025-08-31; W=118.3
Atm_muminus_bin04_down,muminus,04,atm_down,53.130102,60.000000,56.632987,0.600000,0.500000,0.550000,0.6283185307,No,MeV,keV_total,cm^-2 s^-1 MeV^-1 sr^-1,6.379606984969e-04,4.008425287353e-04,expacs_fullsphere_20bin_sources/raw_expacs/spectrum_muminus_bin04_theta56.63_BHNo.dat,expacs_fullsphere_20bin_sources/cosima_spectra/muminus_bin04_theta56.63_pdf.dat,expacs_fullsphere_20bin_sources/Background_atm_fullsphere_allparticles_20bins.source,34.000000,100.000000,38.000000,11.6,2025-08-31; W=118.3
Atm_muminus_bin05_down,muminus,05,atm_down,60.000000,66.421822,63.256316,0.500000,0.400000,0.450000,0.6283185307,No,MeV,keV_total,cm^-2 s^-1 MeV^-1 sr^-1,6.651092515078e-04,4.179004676743e-04,expacs_fullsphere_20bin_sources/raw_expacs/spectrum_muminus_bin05_theta63.26_BHNo.dat,expacs_fullsphere_20bin_sources/cosima_spectra/muminus_bin05_theta63.26_pdf.dat,expacs_fullsphere_20bin_sources/Background_atm_fullsphere_allparticles_20bins.source,34.000000,100.000000,38.000000,11.6,2025-08-31; W=118.3
Atm_muminus_bin06_down,muminus,06,atm_down,66.421822,72.542397,69.512685,0.400000,0.300000,0.350000,0.6283185307,No,MeV,keV_total,cm^-2 s^-1 MeV^-1 sr^-1,6.937646612559e-04,4.359051926244e-04,expacs_fullsphere_20bin_sources/raw_expacs/spectrum_muminus_bin06_theta69.51_BHNo.dat,expacs_fullsphere_20bin_sources/cosima_spectra/muminus_bin06_theta69.51_pdf.dat,expacs_fullsphere_20bin_sources/Background_atm_fullsphere_allparticles_20bins.source,34.000000,100.000000,38.000000,11.6,2025-08-31; W=118.3
Atm_muminus_bin07_down,muminus,07,atm_down,72.542397,78.463041,75.522488,0.300000,0.200000,0.250000,0.6283185307,No,MeV,keV_total,cm^-2 s^-1 MeV^-1 sr^-1,7.244120998472e-04,4.551615462103e-04,expacs_fullsphere_20bin_sources/raw_expacs/spectrum_muminus_bin07_theta75.52_BHNo.dat,expacs_fullsphere_20bin_sources/cosima_spectra/muminus_bin07_theta75.52_pdf.dat,expacs_fullsphere_20bin_sources/Background_atm_fullsphere_allparticles_20bins.source,34.000000,100.000000,38.000000,11.6,2025-08-31; W=118.3
Atm_muminus_bin08_down,muminus,08,atm_down,78.463041,84.260830,81.373073,0.200000,0.100000,0.150000,0.6283185307,No,MeV,keV_total,cm^-2 s^-1 MeV^-1 sr^-1,7.579869316371e-04,4.762572351896e-04,expacs_fullsphere_20bin_sources/raw_expacs/spectrum_muminus_bin08_theta81.37_BHNo.dat,expacs_fullsphere_20bin_sources/cosima_spectra/muminus_bin08_theta81.37_pdf.dat,expacs_fullsphere_20bin_sources/Background_atm_fullsphere_allparticles_20bins.source,34.000000,100.000000,38.000000,11.6,2025-08-31; W=118.3
Atm_muminus_bin09_down,muminus,09,atm_down,84.260830,90.000000,87.134016,0.100000,0.000000,0.050000,0.6283185307,No,MeV,keV_total,cm^-2 s^-1 MeV^-1 sr^-1,7.969801827085e-04,5.007574174107e-04,expacs_fullsphere_20bin_sources/raw_expacs/spectrum_muminus_bin09_theta87.13_BHNo.dat,expacs_fullsphere_20bin_sources/cosima_spectra/muminus_bin09_theta87.13_pdf.dat,expacs_fullsphere_20bin_sources/Background_atm_fullsphere_allparticles_20bins.source,34.000000,100.000000,38.000000,11.6,2025-08-31; W=118.3
Atm_muminus_bin10_up,muminus,10,atm_up_albedo_like,90.000000,95.739170,92.865984,0.000000,-0.100000,-0.050000,0.6283185307,No,MeV,keV_total,cm^-2 s^-1 MeV^-1 sr^-1,2.965497203118e-04,1.863276845511e-04,expacs_fullsphere_20bin_sources/raw_expacs/spectrum_muminus_bin10_theta92.87_BHNo.dat,expacs_fullsphere_20bin_sources/cosima_spectra/muminus_bin10_theta92.87_pdf.dat,expacs_fullsphere_20bin_sources/Background_atm_fullsphere_allparticles_20bins.source,34.000000,100.000000,38.000000,11.6,2025-08-31; W=118.3
Atm_muminus_bin11_up,muminus,11,atm_up_albedo_like,95.739170,101.536959,98.626927,-0.100000,-0.200000,-0.150000,0.6283185307,No,MeV,keV_total,cm^-2 s^-1 MeV^-1 sr^-1,2.256615589465e-04,1.417873391568e-04,expacs_fullsphere_20bin_sources/raw_expacs/spectrum_muminus_bin11_theta98.63_BHNo.dat,expacs_fullsphere_20bin_sources/cosima_spectra/muminus_bin11_theta98.63_pdf.dat,expacs_fullsphere_20bin_sources/Background_atm_fullsphere_allparticles_20bins.source,34.000000,100.000000,38.000000,11.6,2025-08-31; W=118.3
Atm_muminus_bin12_up,muminus,12,atm_up_albedo_like,101.536959,107.457603,104.477512,-0.200000,-0.300000,-0.250000,0.6283185307,No,MeV,keV_total,cm^-2 s^-1 MeV^-1 sr^-1,1.840902088942e-04,1.156672895719e-04,expacs_fullsphere_20bin_sources/raw_expacs/spectrum_muminus_bin12_theta104.48_BHNo.dat,expacs_fullsphere_20bin_sources/cosima_spectra/muminus_bin12_theta104.48_pdf.dat,expacs_fullsphere_20bin_sources/Background_atm_fullsphere_allparticles_20bins.source,34.000000,100.000000,38.000000,11.6,2025-08-31; W=118.3
Atm_muminus_bin13_up,muminus,13,atm_up_albedo_like,107.457603,113.578178,110.487315,-0.300000,-0.400000,-0.350000,0.6283185307,No,MeV,keV_total,cm^-2 s^-1 MeV^-1 sr^-1,1.528274288040e-04,9.602430551956e-05,expacs_fullsphere_20bin_sources/raw_expacs/spectrum_muminus_bin13_theta110.49_BHNo.dat,expacs_fullsphere_20bin_sources/cosima_spectra/muminus_bin13_theta110.49_pdf.dat,expacs_fullsphere_20bin_sources/Background_atm_fullsphere_allparticles_20bins.source,34.000000,100.000000,38.000000,11.6,2025-08-31; W=118.3
Atm_muminus_bin14_up,muminus,14,atm_up_albedo_like,113.578178,120.000000,116.743684,-0.400000,-0.500000,-0.450000,0.6283185307,No,MeV,keV_total,cm^-2 s^-1 MeV^-1 sr^-1,1.271063080871e-04,7.986324874224e-05,expacs_fullsphere_20bin_sources/raw_expacs/spectrum_muminus_bin14_theta116.74_BHNo.dat,expacs_fullsphere_20bin_sources/cosima_spectra/muminus_bin14_theta116.74_pdf.dat,expacs_fullsphere_20bin_sources/Background_atm_fullsphere_allparticles_20bins.source,34.000000,100.000000,38.000000,11.6,2025-08-31; W=118.3
Atm_muminus_bin15_up,muminus,15,atm_up_albedo_like,120.000000,126.869898,123.367013,-0.500000,-0.600000,-0.550000,0.6283185307,No,MeV,keV_total,cm^-2 s^-1 MeV^-1 sr^-1,1.049146713369e-04,6.591983214515e-05,expacs_fullsphere_20bin_sources/raw_expacs/spectrum_muminus_bin15_theta123.37_BHNo.dat,expacs_fullsphere_20bin_sources/cosima_spectra/muminus_bin15_theta123.37_pdf.dat,expacs_fullsphere_20bin_sources/Background_atm_fullsphere_allparticles_20bins.source,34.000000,100.000000,38.000000,11.6,2025-08-31; W=118.3
Atm_muminus_bin16_up,muminus,16,atm_up_albedo_like,126.869898,134.427004,130.541602,-0.600000,-0.700000,-0.650000,0.6283185307,No,MeV,keV_total,cm^-2 s^-1 MeV^-1 sr^-1,8.519334552939e-05,5.352855768998e-05,expacs_fullsphere_20bin_sources/raw_expacs/spectrum_muminus_bin16_theta130.54_BHNo.dat,expacs_fullsphere_20bin_sources/cosima_spectra/muminus_bin16_theta130.54_pdf.dat,expacs_fullsphere_20bin_sources/Background_atm_fullsphere_allparticles_20bins.source,34.000000,100.000000,38.000000,11.6,2025-08-31; W=118.3
Atm_muminus_bin17_up,muminus,17,atm_up_albedo_like,134.427004,143.130102,138.590378,-0.700000,-0.800000,-0.750000,0.6283185307,No,MeV,keV_total,cm^-2 s^-1 MeV^-1 sr^-1,6.730832105698e-05,4.229106539161e-05,expacs_fullsphere_20bin_sources/raw_expacs/spectrum_muminus_bin17_theta138.59_BHNo.dat,expacs_fullsphere_20bin_sources/cosima_spectra/muminus_bin17_theta138.59_pdf.dat,expacs_fullsphere_20bin_sources/Background_atm_fullsphere_allparticles_20bins.source,34.000000,100.000000,38.000000,11.6,2025-08-31; W=118.3
Atm_muminus_bin18_up,muminus,18,atm_up_albedo_like,143.130102,154.158067,148.211669,-0.800000,-0.900000,-0.850000,0.6283185307,No,MeV,keV_total,cm^-2 s^-1 MeV^-1 sr^-1,5.084607212683e-05,3.194752933151e-05,expacs_fullsphere_20bin_sources/raw_expacs/spectrum_muminus_bin18_theta148.21_BHNo.dat,expacs_fullsphere_20bin_sources/cosima_spectra/muminus_bin18_theta148.21_pdf.dat,expacs_fullsphere_20bin_sources/Background_atm_fullsphere_allparticles_20bins.source,34.000000,100.000000,38.000000,11.6,2025-08-31; W=118.3
Atm_muminus_bin19_up,muminus,19,atm_up_albedo_like,154.158067,180.000000,161.805128,-0.900000,-1.000000,-0.950000,0.6283185307,No,MeV,keV_total,cm^-2 s^-1 MeV^-1 sr^-1,3.551952647047e-05,2.231757668372e-05,expacs_fullsphere_20bin_sources/raw_expacs/spectrum_muminus_bin19_theta161.81_BHNo.dat,expacs_fullsphere_20bin_sources/cosima_spectra/muminus_bin19_theta161.81_pdf.dat,expacs_fullsphere_20bin_sources/Background_atm_fullsphere_allparticles_20bins.source,34.000000,100.000000,38.000000,11.6,2025-08-31; W=118.3
Atm_muplus_bin00_down,muplus,00,atm_down,0.000000,25.841933,18.194872,1.000000,0.900000,0.950000,0.6283185307,No,MeV,keV_total,cm^-2 s^-1 MeV^-1 sr^-1,6.030143603955e-04,3.788850969255e-04,expacs_fullsphere_20bin_sources/raw_expacs/spectrum_muplus_bin00_theta18.19_BHNo.dat,expacs_fullsphere_20bin_sources/cosima_spectra/muplus_bin00_theta18.19_pdf.dat,expacs_fullsphere_20bin_sources/Background_atm_fullsphere_allparticles_20bins.source,34.000000,100.000000,38.000000,11.6,2025-08-31; W=118.3
Atm_muplus_bin01_down,muplus,01,atm_down,25.841933,36.869898,31.788331,0.900000,0.800000,0.850000,0.6283185307,No,MeV,keV_total,cm^-2 s^-1 MeV^-1 sr^-1,6.299695335701e-04,3.958215317298e-04,expacs_fullsphere_20bin_sources/raw_expacs/spectrum_muplus_bin01_theta31.79_BHNo.dat,expacs_fullsphere_20bin_sources/cosima_spectra/muplus_bin01_theta31.79_pdf.dat,expacs_fullsphere_20bin_sources/Background_atm_fullsphere_allparticles_20bins.source,34.000000,100.000000,38.000000,11.6,2025-08-31; W=118.3
Atm_muplus_bin02_down,muplus,02,atm_down,36.869898,45.572996,41.409622,0.800000,0.700000,0.750000,0.6283185307,No,MeV,keV_total,cm^-2 s^-1 MeV^-1 sr^-1,6.578277329614e-04,4.133253546399e-04,expacs_fullsphere_20bin_sources/raw_expacs/spectrum_muplus_bin02_theta41.41_BHNo.dat,expacs_fullsphere_20bin_sources/cosima_spectra/muplus_bin02_theta41.41_pdf.dat,expacs_fullsphere_20bin_sources/Background_atm_fullsphere_allparticles_20bins.source,34.000000,100.000000,38.000000,11.6,2025-08-31; W=118.3
Atm_muplus_bin03_down,muplus,03,atm_down,45.572996,53.130102,49.458398,0.700000,0.600000,0.650000,0.6283185307,No,MeV,keV_total,cm^-2 s^-1 MeV^-1 sr^-1,6.867050811510e-04,4.314695276254e-04,expacs_fullsphere_20bin_sources/raw_expacs/spectrum_muplus_bin03_theta49.46_BHNo.dat,expacs_fullsphere_20bin_sources/cosima_spectra/muplus_bin03_theta49.46_pdf.dat,expacs_fullsphere_20bin_sources/Background_atm_fullsphere_allparticles_20bins.source,34.000000,100.000000,38.000000,11.6,2025-08-31; W=118.3
Atm_muplus_bin04_down,muplus,04,atm_down,53.130102,60.000000,56.632987,0.600000,0.500000,0.550000,0.6283185307,No,MeV,keV_total,cm^-2 s^-1 MeV^-1 sr^-1,7.167609169363e-04,4.503541662054e-04,expacs_fullsphere_20bin_sources/raw_expacs/spectrum_muplus_bin04_theta56.63_BHNo.dat,expacs_fullsphere_20bin_sources/cosima_spectra/muplus_bin04_theta56.63_pdf.dat,expacs_fullsphere_20bin_sources/Background_atm_fullsphere_allparticles_20bins.source,34.000000,100.000000,38.000000,11.6,2025-08-31; W=118.3
Atm_muplus_bin05_down,muplus,05,atm_down,60.000000,66.421822,63.256316,0.500000,0.400000,0.450000,0.6283185307,No,MeV,keV_total,cm^-2 s^-1 MeV^-1 sr^-1,7.482229597851e-04,4.701223507416e-04,expacs_fullsphere_20bin_sources/raw_expacs/spectrum_muplus_bin05_theta63.26_BHNo.dat,expacs_fullsphere_20bin_sources/cosima_spectra/muplus_bin05_theta63.26_pdf.dat,expacs_fullsphere_20bin_sources/Background_atm_fullsphere_allparticles_20bins.source,34.000000,100.000000,38.000000,11.6,2025-08-31; W=118.3
Atm_muplus_bin06_down,muplus,06,atm_down,66.421822,72.542397,69.512685,0.400000,0.300000,0.350000,0.6283185307,No,MeV,keV_total,cm^-2 s^-1 MeV^-1 sr^-1,7.814364882632e-04,4.909910261550e-04,expacs_fullsphere_20bin_sources/raw_expacs/spectrum_muplus_bin06_theta69.51_BHNo.dat,expacs_fullsphere_20bin_sources/cosima_spectra/muplus_bin06_theta69.51_pdf.dat,expacs_fullsphere_20bin_sources/Background_atm_fullsphere_allparticles_20bins.source,34.000000,100.000000,38.000000,11.6,2025-08-31; W=118.3
Atm_muplus_bin07_down,muplus,07,atm_down,72.542397,78.463041,75.522488,0.300000,0.200000,0.250000,0.6283185307,No,MeV,keV_total,cm^-2 s^-1 MeV^-1 sr^-1,8.169746748869e-04,5.133203273587e-04,expacs_fullsphere_20bin_sources/raw_expacs/spectrum_muplus_bin07_theta75.52_BHNo.dat,expacs_fullsphere_20bin_sources/cosima_spectra/muplus_bin07_theta75.52_pdf.dat,expacs_fullsphere_20bin_sources/Background_atm_fullsphere_allparticles_20bins.source,34.000000,100.000000,38.000000,11.6,2025-08-31; W=118.3
Atm_muplus_bin08_down,muplus,08,atm_down,78.463041,84.260830,81.373073,0.200000,0.100000,0.150000,0.6283185307,No,MeV,keV_total,cm^-2 s^-1 MeV^-1 sr^-1,8.559472679462e-04,5.378075297680e-04,expacs_fullsphere_20bin_sources/raw_expacs/spectrum_muplus_bin08_theta81.37_BHNo.dat,expacs_fullsphere_20bin_sources/cosima_spectra/muplus_bin08_theta81.37_pdf.dat,expacs_fullsphere_20bin_sources/Background_atm_fullsphere_allparticles_20bins.source,34.000000,100.000000,38.000000,11.6,2025-08-31; W=118.3
Atm_muplus_bin09_down,muplus,09,atm_down,84.260830,90.000000,87.134016,0.100000,0.000000,0.050000,0.6283185307,No,MeV,keV_total,cm^-2 s^-1 MeV^-1 sr^-1,9.013452092266e-04,5.663318975309e-04,expacs_fullsphere_20bin_sources/raw_expacs/spectrum_muplus_bin09_theta87.13_BHNo.dat,expacs_fullsphere_20bin_sources/cosima_spectra/muplus_bin09_theta87.13_pdf.dat,expacs_fullsphere_20bin_sources/Background_atm_fullsphere_allparticles_20bins.source,34.000000,100.000000,38.000000,11.6,2025-08-31; W=118.3
Atm_muplus_bin10_up,muplus,10,atm_up_albedo_like,90.000000,95.739170,92.865984,0.000000,-0.100000,-0.050000,0.6283185307,No,MeV,keV_total,cm^-2 s^-1 MeV^-1 sr^-1,3.282443385199e-04,2.062420004953e-04,expacs_fullsphere_20bin_sources/raw_expacs/spectrum_muplus_bin10_theta92.87_BHNo.dat,expacs_fullsphere_20bin_sources/cosima_spectra/muplus_bin10_theta92.87_pdf.dat,expacs_fullsphere_20bin_sources/Background_atm_fullsphere_allparticles_20bins.source,34.000000,100.000000,38.000000,11.6,2025-08-31; W=118.3
Atm_muplus_bin11_up,muplus,11,atm_up_albedo_like,95.739170,101.536959,98.626927,-0.100000,-0.200000,-0.150000,0.6283185307,No,MeV,keV_total,cm^-2 s^-1 MeV^-1 sr^-1,2.493825163353e-04,1.566916562505e-04,expacs_fullsphere_20bin_sources/raw_expacs/spectrum_muplus_bin11_theta98.63_BHNo.dat,expacs_fullsphere_20bin_sources/cosima_spectra/muplus_bin11_theta98.63_pdf.dat,expacs_fullsphere_20bin_sources/Background_atm_fullsphere_allparticles_20bins.source,34.000000,100.000000,38.000000,11.6,2025-08-31; W=118.3
Atm_muplus_bin12_up,muplus,12,atm_up_albedo_like,101.536959,107.457603,104.477512,-0.200000,-0.300000,-0.250000,0.6283185307,No,MeV,keV_total,cm^-2 s^-1 MeV^-1 sr^-1,2.032198930327e-04,1.276868246029e-04,expacs_fullsphere_20bin_sources/raw_expacs/spectrum_muplus_bin12_theta104.48_BHNo.dat,expacs_fullsphere_20bin_sources/cosima_spectra/muplus_bin12_theta104.48_pdf.dat,expacs_fullsphere_20bin_sources/Background_atm_fullsphere_allparticles_20bins.source,34.000000,100.000000,38.000000,11.6,2025-08-31; W=118.3
Atm_muplus_bin13_up,muplus,13,atm_up_albedo_like,107.457603,113.578178,110.487315,-0.300000,-0.400000,-0.350000,0.6283185307,No,MeV,keV_total,cm^-2 s^-1 MeV^-1 sr^-1,1.685429813123e-04,1.058986783809e-04,expacs_fullsphere_20bin_sources/raw_expacs/spectrum_muplus_bin13_theta110.49_BHNo.dat,expacs_fullsphere_20bin_sources/cosima_spectra/muplus_bin13_theta110.49_pdf.dat,expacs_fullsphere_20bin_sources/Background_atm_fullsphere_allparticles_20bins.source,34.000000,100.000000,38.000000,11.6,2025-08-31; W=118.3
Atm_muplus_bin14_up,muplus,14,atm_up_albedo_like,113.578178,120.000000,116.743684,-0.400000,-0.500000,-0.450000,0.6283185307,No,MeV,keV_total,cm^-2 s^-1 MeV^-1 sr^-1,1.400372817335e-04,8.798801910455e-05,expacs_fullsphere_20bin_sources/raw_expacs/spectrum_muplus_bin14_theta116.74_BHNo.dat,expacs_fullsphere_20bin_sources/cosima_spectra/muplus_bin14_theta116.74_pdf.dat,expacs_fullsphere_20bin_sources/Background_atm_fullsphere_allparticles_20bins.source,34.000000,100.000000,38.000000,11.6,2025-08-31; W=118.3
Atm_muplus_bin15_up,muplus,15,atm_up_albedo_like,120.000000,126.869898,123.367013,-0.500000,-0.600000,-0.550000,0.6283185307,No,MeV,keV_total,cm^-2 s^-1 MeV^-1 sr^-1,1.154608475350e-04,7.254619007862e-05,expacs_fullsphere_20bin_sources/raw_expacs/spectrum_muplus_bin15_theta123.37_BHNo.dat,expacs_fullsphere_20bin_sources/cosima_spectra/muplus_bin15_theta123.37_pdf.dat,expacs_fullsphere_20bin_sources/Background_atm_fullsphere_allparticles_20bins.source,34.000000,100.000000,38.000000,11.6,2025-08-31; W=118.3
Atm_muplus_bin16_up,muplus,16,atm_up_albedo_like,126.869898,134.427004,130.541602,-0.600000,-0.700000,-0.650000,0.6283185307,No,MeV,keV_total,cm^-2 s^-1 MeV^-1 sr^-1,9.363414346007e-05,5.883206744387e-05,expacs_fullsphere_20bin_sources/raw_expacs/spectrum_muplus_bin16_theta130.54_BHNo.dat,expacs_fullsphere_20bin_sources/cosima_spectra/muplus_bin16_theta130.54_pdf.dat,expacs_fullsphere_20bin_sources/Background_atm_fullsphere_allparticles_20bins.source,34.000000,100.000000,38.000000,11.6,2025-08-31; W=118.3
Atm_muplus_bin17_up,muplus,17,atm_up_albedo_like,134.427004,143.130102,138.590378,-0.700000,-0.800000,-0.750000,0.6283185307,No,MeV,keV_total,cm^-2 s^-1 MeV^-1 sr^-1,7.385144652931e-05,4.640223237469e-05,expacs_fullsphere_20bin_sources/raw_expacs/spectrum_muplus_bin17_theta138.59_BHNo.dat,expacs_fullsphere_20bin_sources/cosima_spectra/muplus_bin17_theta138.59_pdf.dat,expacs_fullsphere_20bin_sources/Background_atm_fullsphere_allparticles_20bins.source,34.000000,100.000000,38.000000,11.6,2025-08-31; W=118.3
Atm_muplus_bin18_up,muplus,18,atm_up_albedo_like,143.130102,154.158067,148.211669,-0.800000,-0.900000,-0.850000,0.6283185307,No,MeV,keV_total,cm^-2 s^-1 MeV^-1 sr^-1,5.565269180538e-05,3.496761754565e-05,expacs_fullsphere_20bin_sources/raw_expacs/spectrum_muplus_bin18_theta148.21_BHNo.dat,expacs_fullsphere_20bin_sources/cosima_spectra/muplus_bin18_theta148.21_pdf.dat,expacs_fullsphere_20bin_sources/Background_atm_fullsphere_allparticles_20bins.source,34.000000,100.000000,38.000000,11.6,2025-08-31; W=118.3
Atm_muplus_bin19_up,muplus,19,atm_up_albedo_like,154.158067,180.000000,161.805128,-0.900000,-1.000000,-0.950000,0.6283185307,No,MeV,keV_total,cm^-2 s^-1 MeV^-1 sr^-1,3.871869110268e-05,2.432767110496e-05,expacs_fullsphere_20bin_sources/raw_expacs/spectrum_muplus_bin19_theta161.81_BHNo.dat,expacs_fullsphere_20bin_sources/cosima_spectra/muplus_bin19_theta161.81_pdf.dat,expacs_fullsphere_20bin_sources/Background_atm_fullsphere_allparticles_20bins.source,34.000000,100.000000,38.000000,11.6,2025-08-31; W=118.3
